time,audio_energy_rms,audio_is_speaking,silence_duration_ms,speaker_id,text_is_active,text_word
0.000000,0.076820,1,0,,1,60
0.100000,0.057251,1,0,,1,60
0.200000,0.107144,1,0,,1,60
0.300000,0.075054,1,0,,1,60
0.400000,0.096694,1,0,,1,万
0.500000,0.118514,1,0,,1,万
0.600000,0.047921,1,0,,1,3
0.700000,0.041325,1,0,,1,3
0.800000,0.060187,1,0,,1,回
0.900000,0.031166,1,0,,1,回
1.000000,0.060861,1,0,,1,回
1.100000,0.058566,1,0,,1,で
1.200000,0.034431,1,0,,1,で
1.300000,0.017743,1,0,,1,180
1.400000,0.020096,1,0,,1,180
1.500000,0.008926,0,100,,1,180
1.600000,0.007364,0,200,,1,180
1.700000,0.053551,1,0,,1,180
1.800000,0.056867,1,0,,1,180
1.900000,0.076091,1,0,,1,180
2.000000,0.007647,0,100,,1,万
2.100000,0.052682,1,0,,1,万
2.200000,0.036503,1,0,,1,万
2.300000,0.054450,1,0,,1,万
2.400000,0.068056,1,0,,1,万
2.500000,0.054239,1,0,,1,万
2.600000,0.110526,1,0,,1,万
2.700000,0.050505,1,0,,1,で
2.800000,0.026031,1,0,,1,で
2.900000,0.065197,1,0,,1,で
3.000000,0.062222,1,0,,0,
3.100000,0.035659,1,0,,0,
3.200000,0.021316,1,0,,0,
3.300000,0.007628,0,100,,0,
3.400000,0.005472,0,200,,0,
3.500000,0.006083,0,300,,0,
3.600000,0.007113,0,400,,0,
3.700000,0.015398,1,0,,0,
3.800000,0.016679,1,0,,0,
3.900000,0.011370,1,0,,0,
4.000000,0.010773,1,0,,0,
4.100000,0.010994,1,0,,1,塗
4.200000,0.016749,1,0,,1,塗
4.300000,0.015860,1,0,,1,塗
4.400000,0.023226,1,0,,1,塗
4.500000,0.015920,1,0,,1,塗
4.600000,0.009044,0,100,,1,塗
4.700000,0.038719,1,0,,1,塗
4.800000,0.058026,1,0,,1,塗
4.900000,0.111496,1,0,,1,装
5.000000,0.106512,1,0,,1,台
5.100000,0.136076,1,0,,1,台
5.200000,0.079717,1,0,,1,よ
5.300000,0.079125,1,0,,1,り
5.400000,0.047082,1,0,,1,も
5.500000,0.028382,1,0,,1,高
5.600000,0.041378,1,0,,1,高
5.700000,0.066000,1,0,,1,い
5.800000,0.066908,1,0,,1,い
5.900000,0.033815,1,0,,1,んで
6.000000,0.059300,1,0,,1,60
6.100000,0.078924,1,0,,1,60
6.200000,0.048118,1,0,,1,60
6.300000,0.088285,1,0,,1,万
6.400000,0.109015,1,0,,1,万
6.500000,0.118783,1,0,,1,万
6.600000,0.038694,1,0,,1,を
6.700000,0.069448,1,0,,1,返
6.800000,0.020668,1,0,,1,し
6.900000,0.051093,1,0,,1,します
7.000000,0.062540,1,0,,1,します
7.100000,0.089396,1,0,,0,
7.200000,0.024603,1,0,,0,
7.300000,0.114209,1,0,,0,
7.400000,0.058348,1,0,,0,
7.500000,0.083068,1,0,,0,
7.600000,0.052886,1,0,,0,
7.700000,0.071193,1,0,,0,
7.800000,0.033195,1,0,,0,
7.900000,0.033745,1,0,,0,
8.000000,0.032872,1,0,,0,
8.100000,0.045282,1,0,,0,
8.200000,0.028518,1,0,,0,
8.300000,0.058691,1,0,,0,
8.400000,0.068890,1,0,,0,
8.500000,0.083920,1,0,,0,
8.600000,0.053298,1,0,,0,
8.700000,0.078715,1,0,,0,
8.800000,0.073711,1,0,,1,ありがとう
8.900000,0.052966,1,0,,1,ありがとう
9.000000,0.115630,1,0,,1,ありがとう
9.100000,0.098920,1,0,,1,ありがとう
9.200000,0.056885,1,0,,1,ありがとう
9.300000,0.086945,1,0,,1,ございます
9.400000,0.067491,1,0,,1,ございます
9.500000,0.061812,1,0,,1,ございます
9.600000,0.077439,1,0,,1,ございます
9.700000,0.065751,1,0,,0,
9.800000,0.018866,1,0,,0,
9.900000,0.020818,1,0,,0,
10.000000,0.031332,1,0,,0,
10.100000,0.020346,1,0,,0,
10.200000,0.021788,1,0,,0,
10.300000,0.013688,1,0,,0,
10.400000,0.015389,1,0,,0,
10.500000,0.023024,1,0,,0,
10.600000,0.036303,1,0,,0,
10.700000,0.156253,1,0,,1,番
10.800000,0.081923,1,0,,1,号
10.900000,0.134140,1,0,,1,号
11.000000,0.030929,1,0,,1,教
11.100000,0.059839,1,0,,1,えて
11.200000,0.036063,1,0,,1,ください
11.300000,0.065579,1,0,,1,ください
11.400000,0.040447,1,0,,1,ください
11.500000,0.060749,1,0,,0,
11.600000,0.074765,1,0,,0,
11.700000,0.036642,1,0,,0,
11.800000,0.030310,1,0,,0,
11.900000,0.016349,1,0,,0,
12.000000,0.039174,1,0,,0,
12.100000,0.049940,1,0,,0,
12.200000,0.018834,1,0,,0,
12.300000,0.032016,1,0,,0,
12.400000,0.076630,1,0,,0,
12.500000,0.022730,1,0,,0,
12.600000,0.065021,1,0,,0,
12.700000,0.141496,1,0,,1,18
12.800000,0.080075,1,0,,1,18
12.900000,0.140601,1,0,,1,18
13.000000,0.007388,0,100,,1,18
13.100000,0.061698,1,0,,1,18
13.200000,0.087481,1,0,,1,0
13.300000,0.037539,1,0,,1,0
13.400000,0.109937,1,0,,1,0
13.500000,0.083260,1,0,,1,0
13.600000,0.121644,1,0,,1,です
13.700000,0.113087,1,0,,1,です
13.800000,0.049118,1,0,,1,です
13.900000,0.084882,1,0,,1,です
14.000000,0.030523,1,0,,1,です
14.100000,0.009555,0,100,,1,はい
14.200000,0.006905,0,200,,1,はい
14.300000,0.004684,0,300,,1,はい
14.400000,0.003043,0,400,,1,はい
14.500000,0.002229,0,500,,1,はい
14.600000,0.004423,0,600,,1,はい
14.700000,0.003445,0,700,,1,はい
14.800000,0.009371,0,800,,1,はい
14.900000,0.098231,1,0,,1,はい
15.000000,0.055523,1,0,,1,18
15.100000,0.035134,1,0,,1,18
15.200000,0.015692,1,0,,1,18
15.300000,0.075730,1,0,,1,18
15.400000,0.098959,1,0,,1,0
15.500000,0.029483,1,0,,1,0
15.600000,0.041942,1,0,,1,0
15.700000,0.037680,1,0,,1,0
15.800000,0.063953,1,0,,1,0
15.900000,0.047406,1,0,,0,
16.000000,0.022136,1,0,,0,
16.100000,0.010173,1,0,,0,
16.200000,0.010999,1,0,,0,
16.300000,0.015420,1,0,,0,
16.400000,0.061262,1,0,,1,誰
16.500000,0.047348,1,0,,1,誰
16.600000,0.182186,1,0,,1,誰
16.700000,0.100966,1,0,,1,あの
16.800000,0.159213,1,0,,1,あの
16.900000,0.121659,1,0,,1,あの
17.000000,0.072560,1,0,,1,あの
17.100000,0.037276,1,0,,1,一
17.200000,0.050657,1,0,,1,一
17.300000,0.050268,1,0,,1,号
17.400000,0.066204,1,0,,1,号
17.500000,0.095106,1,0,,1,の
17.600000,0.039092,1,0,,1,の
17.700000,0.006240,0,100,,1,の
17.800000,0.006752,0,200,,1,の
17.900000,0.094045,1,0,,1,の
18.000000,0.066529,1,0,,1,車
18.100000,0.086360,1,0,,1,車
18.200000,0.094050,1,0,,1,車
18.300000,0.108091,1,0,,1,か
18.400000,0.105620,1,0,,1,か
18.500000,0.046886,1,0,,1,か
18.600000,0.162154,1,0,,1,わ
18.700000,0.152165,1,0,,1,わ
18.800000,0.120406,1,0,,1,いい
18.900000,0.057850,1,0,,1,いい
19.000000,0.036107,1,0,,1,あ
19.100000,0.006997,0,100,,1,あ
19.200000,0.007186,0,200,,1,あ
19.300000,0.004661,0,300,,1,あ
19.400000,0.006417,0,400,,1,あ
19.500000,0.003013,0,500,,1,あ
19.600000,0.007310,0,600,,1,あ
19.700000,0.009371,0,700,,1,あ
19.800000,0.033943,1,0,,1,あ
19.900000,0.051814,1,0,,1,れ
20.000000,0.020824,1,0,,1,僕
20.100000,0.015760,1,0,,1,の
20.200000,0.028990,1,0,,1,の
20.300000,0.011336,1,0,,1,桜
20.400000,0.033874,1,0,,1,桜
20.500000,0.066152,1,0,,1,持
20.600000,0.057597,1,0,,1,持
20.700000,0.022074,1,0,,1,ち
20.800000,0.016337,1,0,,1,ち
20.900000,0.013553,1,0,,1,です
21.000000,0.008166,0,100,,1,です
21.100000,0.004659,0,200,,1,です
21.200000,0.006514,0,300,,1,桜
21.300000,0.008931,0,400,,1,桜
21.400000,0.005425,0,500,,1,桜
21.500000,0.008889,0,600,,1,桜
21.600000,0.098352,1,0,,1,桜
21.700000,0.063147,1,0,,1,桜
21.800000,0.086115,1,0,,1,桜
21.900000,0.198392,1,0,,1,桜
22.000000,0.181099,1,0,,1,持
22.100000,0.055152,1,0,,1,持
22.200000,0.137386,1,0,,1,持
22.300000,0.024599,1,0,,1,ち
22.400000,0.007830,0,100,,1,ち
22.500000,0.138327,1,0,,1,か
22.600000,0.204487,1,0,,1,か
22.700000,0.127961,1,0,,1,ぁ
22.800000,0.094993,1,0,,1,ぁ
22.900000,0.066710,1,0,,1,ぁ
23.000000,0.046100,1,0,,1,ぁ
23.100000,0.026791,1,0,,1,ぁ
23.200000,0.023134,1,0,,1,ぁ
23.300000,0.007246,0,100,,1,ぁ
23.400000,0.007500,0,200,,1,可愛
23.500000,0.056526,1,0,,1,可愛
23.600000,0.009747,0,100,,1,可愛
23.700000,0.021548,1,0,,1,可愛
23.800000,0.052469,1,0,,1,可愛
23.900000,0.115870,1,0,,1,可愛
24.000000,0.076683,1,0,,1,可愛
24.100000,0.147426,1,0,,1,可愛
24.200000,0.113927,1,0,,1,可愛
24.300000,0.108196,1,0,,1,可愛
24.400000,0.081061,1,0,,1,可愛
24.500000,0.159271,1,0,,1,可愛
24.600000,0.169100,1,0,,1,い
24.700000,0.143514,1,0,,1,い
24.800000,0.058868,1,0,,1,い
24.900000,0.067482,1,0,,1,い
25.000000,0.092556,1,0,,1,い
25.100000,0.078003,1,0,,1,い
25.200000,0.067163,1,0,,1,い
25.300000,0.055253,1,0,,1,桜
25.400000,0.010963,1,0,,1,桜
25.500000,0.044348,1,0,,1,桜
25.600000,0.028751,1,0,,1,桜
25.700000,0.042801,1,0,,1,桜
25.800000,0.054426,1,0,,1,に
25.900000,0.015205,1,0,,1,に
26.000000,0.011439,1,0,,1,して
26.100000,0.032616,1,0,,1,る
26.200000,0.026783,1,0,,1,る
26.300000,0.011419,1,0,,1,んで
26.400000,0.067533,1,0,,1,ありがとう
26.500000,0.125454,1,0,,1,ありがとう
26.600000,0.107860,1,0,,1,ありがとう
26.700000,0.086317,1,0,,1,し
26.800000,0.146221,1,0,,1,し
26.900000,0.037093,1,0,,1,し
27.000000,0.030959,1,0,,1,の
27.100000,0.095213,1,0,,1,の
27.200000,0.059401,1,0,,1,リ
27.300000,0.083194,1,0,,1,ン
27.400000,0.055092,1,0,,1,ン
27.500000,0.014670,1,0,,1,ン
27.600000,0.008002,0,100,,1,はい
27.700000,0.093166,1,0,,1,はい
27.800000,0.126600,1,0,,1,はい
27.900000,0.129205,1,0,,1,これ
28.000000,0.075069,1,0,,1,これ
28.100000,0.022619,1,0,,1,これ
28.200000,0.043572,1,0,,1,これ
28.300000,0.076949,1,0,,1,これ
28.400000,0.053744,1,0,,0,
28.500000,0.009385,0,100,,0,
28.600000,0.011930,1,0,,0,
28.700000,0.011206,1,0,,0,
28.800000,0.018389,1,0,,0,
28.900000,0.041842,1,0,,1,同
29.000000,0.072366,1,0,,1,同
29.100000,0.041688,1,0,,1,期
29.200000,0.013361,1,0,,1,期
29.300000,0.004799,0,100,,1,期
29.400000,0.009106,0,200,,0,
29.500000,0.006747,0,300,,0,
29.600000,0.006138,0,400,,0,
29.700000,0.003244,0,500,,0,
29.800000,0.003923,0,600,,0,
29.900000,0.002139,0,700,,0,
30.000000,0.002322,0,800,,1,は
30.100000,0.011815,1,0,,1,は
30.200000,0.109253,1,0,,1,は
30.300000,0.133186,1,0,,1,ーい
30.400000,0.130401,1,0,,1,ーい
30.500000,0.125987,1,0,,1,ーい
30.600000,0.125964,1,0,,1,ーい
30.700000,0.119777,1,0,,1,ーい
30.800000,0.126799,1,0,,1,ーい
30.900000,0.115514,1,0,,1,ーい
31.000000,0.078617,1,0,,1,ーい
31.100000,0.017908,1,0,,1,エ
31.200000,0.002314,0,100,,1,エ
31.300000,0.006504,0,200,,1,エ
31.400000,0.004954,0,300,,1,エ
31.500000,0.003634,0,400,,1,エ
31.600000,0.111312,1,0,,1,エ
31.700000,0.112259,1,0,,1,カ
31.800000,0.086309,1,0,,1,カ
31.900000,0.184829,1,0,,1,カ
32.000000,0.227633,1,0,,1,は
32.100000,0.117376,1,0,,1,生
32.200000,0.140844,1,0,,1,生
32.300000,0.165655,1,0,,1,ま
32.400000,0.074079,1,0,,1,れて
32.500000,0.031521,1,0,,1,る
32.600000,0.021210,1,0,,1,る
32.700000,0.024515,1,0,,1,います
32.800000,0.026896,1,0,,1,います
32.900000,0.035720,1,0,,1,か
33.000000,0.012126,1,0,,1,か
33.100000,0.024292,1,0,,1,か
33.200000,0.006314,0,100,,1,か
33.300000,0.001912,0,200,,1,か
33.400000,0.002017,0,300,,1,か
33.500000,0.002189,0,400,,1,か
33.600000,0.002720,0,500,,1,か
33.700000,0.002616,0,600,,1,か
33.800000,0.010721,1,0,,0,
33.900000,0.017306,1,0,,0,
34.000000,0.002989,0,100,,0,
34.100000,0.009604,0,200,,0,
34.200000,0.003404,0,300,,0,
34.300000,0.010168,1,0,,0,
34.400000,0.009422,0,100,,0,
34.500000,0.008613,0,200,,0,
34.600000,0.076856,1,0,,0,
34.700000,0.146565,1,0,,0,
34.800000,0.136050,1,0,,1,もう
34.900000,0.084475,1,0,,1,もう
35.000000,0.006267,0,100,,1,もう
35.100000,0.009829,0,200,,1,もう
35.200000,0.005397,0,300,,1,100
35.300000,0.049059,1,0,,1,100
35.400000,0.117640,1,0,,1,100
35.500000,0.162646,1,0,,1,100
35.600000,0.132475,1,0,,1,100
35.700000,0.165107,1,0,,1,万
35.800000,0.182534,1,0,,1,で
35.900000,0.082552,1,0,,1,売
36.000000,0.092892,1,0,,1,れ
36.100000,0.132565,1,0,,1,ます
36.200000,0.042637,1,0,,1,ます
36.300000,0.008737,0,100,,1,あ
36.400000,0.006989,0,200,,1,あ
36.500000,0.006589,0,300,,1,あ
36.600000,0.006187,0,400,,1,あ
36.700000,0.002880,0,500,,1,あ
36.800000,0.003310,0,600,,1,あ
36.900000,0.054406,1,0,,1,あ
37.000000,0.205670,1,0,,1,あ
37.100000,0.171753,1,0,,1,ー
37.200000,0.145020,1,0,,1,ー
37.300000,0.101948,1,0,,1,ー
37.400000,0.034273,1,0,,1,ー
37.500000,0.012801,1,0,,1,ー
37.600000,0.034345,1,0,,1,お
37.700000,0.013440,1,0,,1,お
37.800000,0.006490,0,100,,1,お
37.900000,0.030394,1,0,,1,お
38.000000,0.063216,1,0,,1,金
38.100000,0.179515,1,0,,1,金
38.200000,0.167664,1,0,,1,ない
38.300000,0.222928,1,0,,1,ない
38.400000,0.026408,1,0,,1,か
38.500000,0.027339,1,0,,1,か
38.600000,0.076655,1,0,,1,も
38.700000,0.071284,1,0,,1,も
38.800000,0.008989,0,100,,1,も
38.900000,0.010344,1,0,,0,
39.000000,0.094786,1,0,,0,
39.100000,0.175562,1,0,,0,
39.200000,0.082416,1,0,,0,
39.300000,0.168836,1,0,,0,
39.400000,0.060103,1,0,,0,
39.500000,0.147222,1,0,,0,
39.600000,0.032997,1,0,,0,
39.700000,0.105856,1,0,,1,ご
39.800000,0.021776,1,0,,1,ご
39.900000,0.031058,1,0,,1,ご
40.000000,0.006522,0,100,,1,ご
40.100000,0.007840,0,200,,1,ご
40.200000,0.178023,1,0,,1,は
40.300000,0.183844,1,0,,1,入
40.400000,0.094488,1,0,,1,ります
40.500000,0.152574,1,0,,1,ります
40.600000,0.061649,1,0,,1,ります
40.700000,0.064056,1,0,,1,マ
40.800000,0.075643,1,0,,1,マ
40.900000,0.100222,1,0,,1,マ
41.000000,0.006539,0,100,,1,ス
41.100000,0.038721,1,0,,1,で
41.200000,0.024860,1,0,,1,せ
41.300000,0.071327,1,0,,1,せ
41.400000,0.089434,1,0,,1,ー
41.500000,0.031986,1,0,,1,ー
41.600000,0.066933,1,0,,1,ー
41.700000,0.188708,1,0,,1,欲
41.800000,0.184936,1,0,,1,欲
41.900000,0.125649,1,0,,1,しい
42.000000,0.072125,1,0,,1,しい
42.100000,0.163994,1,0,,1,しい
42.200000,0.160768,1,0,,1,しい
42.300000,0.081375,1,0,,0,
42.400000,0.034280,1,0,,0,
42.500000,0.003287,0,100,,0,
42.600000,0.001960,0,200,,0,
42.700000,0.006746,0,300,,0,
42.800000,0.012224,1,0,,0,
42.900000,0.010038,1,0,,0,
43.000000,0.006372,0,100,,0,
43.100000,0.003582,0,200,,0,
43.200000,0.004457,0,300,,1,あ
43.300000,0.013066,1,0,,1,あ
43.400000,0.026327,1,0,,1,あ
43.500000,0.100171,1,0,,1,あ
43.600000,0.191138,1,0,,1,げ
43.700000,0.184154,1,0,,1,れる
43.800000,0.157773,1,0,,1,よ
43.900000,0.174441,1,0,,1,よ
44.000000,0.175671,1,0,,1,じゃ
44.100000,0.109481,1,0,,1,なく
44.200000,0.013603,1,0,,1,て
44.300000,0.076517,1,0,,1,て
44.400000,0.134401,1,0,,1,ご
44.500000,0.213966,1,0,,1,飯
44.600000,0.071697,1,0,,1,だけ
44.700000,0.077535,1,0,,1,だけ
44.800000,0.058320,1,0,,1,しか
44.900000,0.060850,1,0,,1,しか
45.000000,0.076691,1,0,,1,ない
45.100000,0.032621,1,0,,1,ない
45.200000,0.007342,0,100,,1,ない
45.300000,0.085736,1,0,,1,ない
45.400000,0.128523,1,0,,1,ない
45.500000,0.082127,1,0,,1,んです
45.600000,0.012403,1,0,,1,けど
45.700000,0.053311,1,0,,1,けど
45.800000,0.087894,1,0,,1,大丈夫
45.900000,0.048372,1,0,,1,大丈夫
46.000000,0.082509,1,0,,1,大丈夫
46.100000,0.057165,1,0,,1,はい
46.200000,0.039932,1,0,,1,はい
46.300000,0.057259,1,0,,1,な
46.400000,0.091366,1,0,,1,な
46.500000,0.128853,1,0,,1,な
46.600000,0.123395,1,0,,1,ー
46.700000,0.095190,1,0,,1,の
46.800000,0.129825,1,0,,0,
46.900000,0.007140,0,100,,0,
47.000000,0.001940,0,200,,0,
47.100000,0.001687,0,300,,1,情
47.200000,0.003254,0,400,,1,情
47.300000,0.002646,0,500,,1,情
47.400000,0.001950,0,600,,1,情
47.500000,0.092124,1,0,,1,情
47.600000,0.106143,1,0,,1,報
47.700000,0.095627,1,0,,1,報
47.800000,0.144653,1,0,,1,を
47.900000,0.137981,1,0,,1,を
48.000000,0.130699,1,0,,1,を
48.100000,0.014610,1,0,,1,買
48.200000,0.076127,1,0,,1,い
48.300000,0.048507,1,0,,1,に
48.400000,0.020984,1,0,,1,行
48.500000,0.169595,1,0,,1,たい
48.600000,0.124991,1,0,,1,お
48.700000,0.009728,0,100,,1,お
48.800000,0.007208,0,200,,1,お
48.900000,0.016434,1,0,,1,お
49.000000,0.015637,1,0,,1,お
49.100000,0.007353,0,100,,1,お
49.200000,0.007400,0,200,,1,お
49.300000,0.012026,1,0,,1,お
49.400000,0.008290,0,100,,1,前
49.500000,0.005724,0,200,,1,前
49.600000,0.005650,0,300,,1,前
49.700000,0.114196,1,0,,1,前
49.800000,0.164913,1,0,,1,前
49.900000,0.125296,1,0,,1,は
50.000000,0.172019,1,0,,1,は
50.100000,0.105904,1,0,,1,お
50.200000,0.100837,1,0,,1,お
50.300000,0.049345,1,0,,1,そ
50.400000,0.123719,1,0,,1,そ
50.500000,0.077928,1,0,,1,こう
50.600000,0.073654,1,0,,1,こう
50.700000,0.097115,1,0,,1,で
50.800000,0.077713,1,0,,1,でき
50.900000,0.060749,1,0,,1,でき
51.000000,0.021980,1,0,,1,て
51.100000,0.090766,1,0,,1,ない
51.200000,0.075863,1,0,,1,けど
51.300000,0.047099,1,0,,1,けど
51.400000,0.066545,1,0,,1,俺
51.500000,0.131802,1,0,,1,俺
51.600000,0.137532,1,0,,1,は
51.700000,0.061076,1,0,,1,でき
51.800000,0.091709,1,0,,1,でき
51.900000,0.047044,1,0,,1,て
52.000000,0.046103,1,0,,1,て
52.100000,0.071124,1,0,,1,て
52.200000,0.088051,1,0,,1,て
52.300000,0.064995,1,0,,1,て
52.400000,0.112433,1,0,,1,て
52.500000,0.145868,1,0,,1,る
52.600000,0.117197,1,0,,1,る
52.700000,0.084969,1,0,,1,って
52.800000,0.147028,1,0,,1,って
52.900000,0.129799,1,0,,1,わ
53.000000,0.142842,1,0,,1,わ
53.100000,0.126269,1,0,,1,ー
53.200000,0.116062,1,0,,1,ー
53.300000,0.080606,1,0,,1,ー
53.400000,0.124975,1,0,,0,
53.500000,0.106698,1,0,,0,
53.600000,0.109066,1,0,,0,
53.700000,0.107445,1,0,,0,
53.800000,0.085223,1,0,,0,
53.900000,0.102931,1,0,,0,
54.000000,0.098388,1,0,,0,
54.100000,0.064867,1,0,,0,
54.200000,0.060948,1,0,,0,
54.300000,0.063309,1,0,,0,
54.400000,0.059153,1,0,,0,
54.500000,0.068571,1,0,,0,
54.600000,0.108114,1,0,,0,
54.700000,0.097218,1,0,,0,
54.800000,0.082090,1,0,,0,
54.900000,0.096494,1,0,,0,
55.000000,0.054545,1,0,,0,
55.100000,0.050840,1,0,,0,
55.200000,0.048448,1,0,,0,
55.300000,0.044311,1,0,,0,
55.400000,0.039079,1,0,,1,ちょっと
55.500000,0.051420,1,0,,1,ちょっと
55.600000,0.063307,1,0,,1,ちょっと
55.700000,0.145899,1,0,,1,ちょっと
55.800000,0.112428,1,0,,0,
55.900000,0.074817,1,0,,0,
56.000000,0.150270,1,0,,0,
56.100000,0.235922,1,0,,0,
56.200000,0.117081,1,0,,1,ああ
56.300000,0.213349,1,0,,1,ああ
56.400000,0.142138,1,0,,1,ああ
56.500000,0.190388,1,0,,1,ああ
56.600000,0.162382,1,0,,1,ああ
56.700000,0.042577,1,0,,1,ああ
56.800000,0.196800,1,0,,1,ああ
56.900000,0.036334,1,0,,1,ああ
57.000000,0.137521,1,0,,1,ああ
57.100000,0.127773,1,0,,1,ああ
57.200000,0.155111,1,0,,1,ああ
57.300000,0.143372,1,0,,1,ああ
57.400000,0.086973,1,0,,1,ああ
57.500000,0.164912,1,0,,1,ああ
57.600000,0.044845,1,0,,1,ああ
57.700000,0.154356,1,0,,1,ああ
57.800000,0.019151,1,0,,0,
57.900000,0.161308,1,0,,0,
58.000000,0.132288,1,0,,0,
58.100000,0.050247,1,0,,0,
58.200000,0.069409,1,0,,0,
58.300000,0.080212,1,0,,0,
58.400000,0.099924,1,0,,0,
58.500000,0.226063,1,0,,0,
58.600000,0.185193,1,0,,0,
58.700000,0.201309,1,0,,0,
58.800000,0.097578,1,0,,0,
58.900000,0.209607,1,0,,0,
59.000000,0.110498,1,0,,0,
59.100000,0.217267,1,0,,0,
59.200000,0.160196,1,0,,0,
59.300000,0.096295,1,0,,0,
59.400000,0.147883,1,0,,0,
59.500000,0.034709,1,0,,0,
59.600000,0.153885,1,0,,0,
59.700000,0.187023,1,0,,0,
59.800000,0.084166,1,0,,0,
59.900000,0.178217,1,0,,0,
60.000000,0.080481,1,0,,0,
60.100000,0.168619,1,0,,0,
60.200000,0.014324,1,0,,0,
60.300000,0.140752,1,0,,0,
60.400000,0.014223,1,0,,0,
60.500000,0.104900,1,0,,0,
60.600000,0.130837,1,0,,0,
60.700000,0.007486,0,100,,0,
60.800000,0.144790,1,0,,0,
60.900000,0.050727,1,0,,0,
61.000000,0.020807,1,0,,0,
61.100000,0.033437,1,0,,0,
61.200000,0.065817,1,0,,0,
61.300000,0.084695,1,0,,0,
61.400000,0.039343,1,0,,0,
61.500000,0.082067,1,0,,0,
61.600000,0.083257,1,0,,0,
61.700000,0.084476,1,0,,0,
61.800000,0.059179,1,0,,0,
61.900000,0.059516,1,0,,0,
62.000000,0.098463,1,0,,0,
62.100000,0.117233,1,0,,0,
62.200000,0.117078,1,0,,0,
62.300000,0.162049,1,0,,0,
62.400000,0.176134,1,0,,0,
62.500000,0.142271,1,0,,0,
62.600000,0.225359,1,0,,0,
62.700000,0.128145,1,0,,0,
62.800000,0.145416,1,0,,0,
62.900000,0.154621,1,0,,0,
63.000000,0.196354,1,0,,0,
63.100000,0.019285,1,0,,0,
63.200000,0.112331,1,0,,0,
63.300000,0.022688,1,0,,0,
63.400000,0.137803,1,0,,0,
63.500000,0.050354,1,0,,0,
63.600000,0.033341,1,0,,0,
63.700000,0.037305,1,0,,0,
63.800000,0.047238,1,0,,0,
63.900000,0.032611,1,0,,0,
64.000000,0.009078,0,100,,0,
64.100000,0.021221,1,0,,0,
64.200000,0.058313,1,0,,0,
64.300000,0.067763,1,0,,0,
64.400000,0.057266,1,0,,0,
64.500000,0.112583,1,0,,0,
64.600000,0.114705,1,0,,0,
64.700000,0.152439,1,0,,0,
64.800000,0.095155,1,0,,0,
64.900000,0.072201,1,0,,0,
65.000000,0.072093,1,0,,0,
65.100000,0.083846,1,0,,0,
65.200000,0.146323,1,0,,0,
65.300000,0.130302,1,0,,0,
65.400000,0.088606,1,0,,0,
65.500000,0.104988,1,0,,0,
65.600000,0.053574,1,0,,0,
65.700000,0.027048,1,0,,0,
65.800000,0.103494,1,0,,0,
65.900000,0.105047,1,0,,0,
66.000000,0.147302,1,0,,0,
66.100000,0.140249,1,0,,0,
66.200000,0.078377,1,0,,0,
66.300000,0.159087,1,0,,0,
66.400000,0.143026,1,0,,0,
66.500000,0.090887,1,0,,0,
66.600000,0.121876,1,0,,0,
66.700000,0.140235,1,0,,0,
66.800000,0.090413,1,0,,0,
66.900000,0.078448,1,0,,0,
67.000000,0.101519,1,0,,0,
67.100000,0.129963,1,0,,0,
67.200000,0.035057,1,0,,0,
67.300000,0.116479,1,0,,0,
67.400000,0.058599,1,0,,0,
67.500000,0.038937,1,0,,0,
67.600000,0.028947,1,0,,0,
67.700000,0.010162,1,0,,0,
67.800000,0.023123,1,0,,0,
67.900000,0.018144,1,0,,0,
68.000000,0.050629,1,0,,0,
68.100000,0.169692,1,0,,0,
68.200000,0.080427,1,0,,0,
68.300000,0.144524,1,0,,0,
68.400000,0.110655,1,0,,0,
68.500000,0.125580,1,0,,0,
68.600000,0.139229,1,0,,0,
68.700000,0.025847,1,0,,0,
68.800000,0.021193,1,0,,0,
68.900000,0.004082,0,100,,0,
69.000000,0.058629,1,0,,0,
69.100000,0.083935,1,0,,0,
69.200000,0.106177,1,0,,0,
69.300000,0.071265,1,0,,0,
69.400000,0.138744,1,0,,0,
69.500000,0.106823,1,0,,0,
69.600000,0.015844,1,0,,0,
69.700000,0.049392,1,0,,0,
69.800000,0.078092,1,0,,0,
69.900000,0.131273,1,0,,0,
70.000000,0.185695,1,0,,0,
70.100000,0.049931,1,0,,0,
70.200000,0.054835,1,0,,0,
70.300000,0.100075,1,0,,0,
70.400000,0.178950,1,0,,0,
70.500000,0.165385,1,0,,0,
70.600000,0.116997,1,0,,0,
70.700000,0.141243,1,0,,0,
70.800000,0.091225,1,0,,0,
70.900000,0.024896,1,0,,0,
71.000000,0.185962,1,0,,1,大丈夫
71.100000,0.147628,1,0,,1,大丈夫
71.200000,0.166859,1,0,,1,大丈夫
71.300000,0.152209,1,0,,1,ですか
71.400000,0.086163,1,0,,1,ですか
71.500000,0.127809,1,0,,1,ですか
71.600000,0.215476,1,0,,1,ー
71.700000,0.182636,1,0,,1,ー
71.800000,0.158202,1,0,,1,ー
71.900000,0.093004,1,0,,1,ー
72.000000,0.051952,1,0,,1,ー
72.100000,0.107416,1,0,,1,ー
72.200000,0.085288,1,0,,1,ー
72.300000,0.072672,1,0,,1,ー
72.400000,0.039454,1,0,,1,お
72.500000,0.114573,1,0,,1,前
72.600000,0.067055,1,0,,1,前
72.700000,0.120679,1,0,,1,前
72.800000,0.118672,1,0,,1,前
72.900000,0.042233,1,0,,1,前
73.000000,0.031381,1,0,,1,前
73.100000,0.015346,1,0,,1,前
73.200000,0.024270,1,0,,1,前
73.300000,0.038843,1,0,,1,前
73.400000,0.089240,1,0,,1,前
73.500000,0.178585,1,0,,1,前
73.600000,0.073858,1,0,,1,絶
73.700000,0.152200,1,0,,1,絶
73.800000,0.014981,1,0,,1,対
73.900000,0.133134,1,0,,1,対
74.000000,0.124727,1,0,,1,も
74.100000,0.109082,1,0,,1,み
74.200000,0.046337,1,0,,1,消
74.300000,0.134281,1,0,,1,す
74.400000,0.072412,1,0,,1,す
74.500000,0.155629,1,0,,1,な
74.600000,0.086540,1,0,,1,よ
74.700000,0.203360,1,0,,1,マ
74.800000,0.125088,1,0,,1,ジ
74.900000,0.130465,1,0,,1,で
75.000000,0.136933,1,0,,1,で
75.100000,0.116420,1,0,,1,で
75.200000,0.111727,1,0,,1,で
75.300000,0.200474,1,0,,1,す
75.400000,0.129212,1,0,,1,す
75.500000,0.154122,1,0,,1,な
75.600000,0.167185,1,0,,1,よ
75.700000,0.086026,1,0,,1,よ
75.800000,0.093643,1,0,,1,が
75.900000,0.043810,1,0,,1,ち
76.000000,0.069237,1,0,,1,で
76.100000,0.080712,1,0,,0,
76.200000,0.008747,0,100,,0,
76.300000,0.005105,0,200,,0,
76.400000,0.016189,1,0,,0,
76.500000,0.005029,0,100,,0,
76.600000,0.003422,0,200,,0,
76.700000,0.018639,1,0,,0,
76.800000,0.008439,0,100,,0,
76.900000,0.020951,1,0,,0,
77.000000,0.011096,1,0,,0,
77.100000,0.015848,1,0,,0,
77.200000,0.013064,1,0,,1,急
77.300000,0.084451,1,0,,1,急
77.400000,0.125837,1,0,,1,急
77.500000,0.080086,1,0,,1,遽
77.600000,0.025296,1,0,,1,遽
77.700000,0.086645,1,0,,1,遽
77.800000,0.060454,1,0,,1,帯
77.900000,0.186771,1,0,,1,帯
78.000000,0.091456,1,0,,1,を
78.100000,0.063459,1,0,,1,打
78.200000,0.006949,0,100,,1,った
78.300000,0.137906,1,0,,1,った
78.400000,0.112492,1,0,,1,ぞ
78.500000,0.134603,1,0,,1,ぞ
78.600000,0.042312,1,0,,1,今
78.700000,0.004039,0,100,,1,今
78.800000,0.001981,0,200,,1,今
78.900000,0.003943,0,300,,1,今
79.000000,0.065593,1,0,,1,今
79.100000,0.157019,1,0,,1,今
79.200000,0.124527,1,0,,0,
79.300000,0.045579,1,0,,0,
79.400000,0.004953,0,100,,0,
79.500000,0.002154,0,200,,0,
79.600000,0.002255,0,300,,0,
79.700000,0.004147,0,400,,0,
79.800000,0.004077,0,500,,0,
79.900000,0.004316,0,600,,0,
80.000000,0.002256,0,700,,0,
80.100000,0.003619,0,800,,1,さ
80.200000,0.015603,1,0,,1,さ
80.300000,0.172848,1,0,,1,あ
80.400000,0.090314,1,0,,1,あ
80.500000,0.081508,1,0,,1,こ
80.600000,0.111983,1,0,,1,行
80.700000,0.019923,1,0,,1,く?
80.800000,0.152283,1,0,,1,く?
80.900000,0.145695,1,0,,1,う
81.000000,0.153106,1,0,,1,う
81.100000,0.054378,1,0,,1,う
81.200000,0.008559,0,100,,1,う
81.300000,0.011830,1,0,,1,し
81.400000,0.018251,1,0,,1,し
81.500000,0.049692,1,0,,1,し
81.600000,0.023932,1,0,,1,し
81.700000,0.041274,1,0,,1,し
81.800000,0.025464,1,0,,1,し
81.900000,0.023088,1,0,,0,
82.000000,0.010383,1,0,,0,
82.100000,0.007340,0,100,,0,
82.200000,0.008367,0,200,,0,
82.300000,0.023394,1,0,,0,
82.400000,0.021402,1,0,,0,
82.500000,0.030767,1,0,,0,
82.600000,0.037962,1,0,,0,
82.700000,0.045471,1,0,,1,海
82.800000,0.033994,1,0,,1,海
82.900000,0.029824,1,0,,1,海
83.000000,0.026220,1,0,,1,海
83.100000,0.133370,1,0,,1,海
83.200000,0.104463,1,0,,1,海
83.300000,0.125722,1,0,,1,海
83.400000,0.050681,1,0,,1,高
83.500000,0.039064,1,0,,1,高
83.600000,0.129652,1,0,,1,高
83.700000,0.139907,1,0,,1,高
83.800000,0.119240,1,0,,1,高
83.900000,0.149556,1,0,,1,高
84.000000,0.135720,1,0,,1,い
84.100000,0.059729,1,0,,1,い
84.200000,0.183734,1,0,,1,大丈夫
84.300000,0.169223,1,0,,1,大丈夫
84.400000,0.105405,1,0,,1,大丈夫
84.500000,0.065386,1,0,,1,です
84.600000,0.060542,1,0,,1,です
84.700000,0.052709,1,0,,1,です
84.800000,0.073645,1,0,,1,です
84.900000,0.066715,1,0,,1,です
85.000000,0.094246,1,0,,1,です
85.100000,0.079178,1,0,,1,です
85.200000,0.053912,1,0,,1,です
85.300000,0.017364,1,0,,1,です
85.400000,0.063888,1,0,,1,です
85.500000,0.062136,1,0,,1,です
85.600000,0.101439,1,0,,1,です
85.700000,0.035553,1,0,,1,です
85.800000,0.029798,1,0,,1,です
85.900000,0.113027,1,0,,1,です
86.000000,0.042051,1,0,,0,
86.100000,0.022500,1,0,,0,
86.200000,0.099058,1,0,,0,
86.300000,0.118000,1,0,,0,
86.400000,0.134202,1,0,,0,
86.500000,0.158148,1,0,,0,
86.600000,0.069983,1,0,,0,
86.700000,0.041322,1,0,,1,ど
86.800000,0.017244,1,0,,1,ど
86.900000,0.015729,1,0,,1,ど
87.000000,0.066786,1,0,,1,こ
87.100000,0.094022,1,0,,1,こ
87.200000,0.119076,1,0,,1,でも
87.300000,0.097129,1,0,,1,大丈夫
87.400000,0.017732,1,0,,1,大丈夫
87.500000,0.099007,1,0,,1,大丈夫
87.600000,0.093975,1,0,,1,大丈夫
87.700000,0.106453,1,0,,1,大丈夫
87.800000,0.108661,1,0,,1,大丈夫
87.900000,0.172944,1,0,,1,大丈夫
88.000000,0.130069,1,0,,1,です
88.100000,0.118205,1,0,,1,です
88.200000,0.068569,1,0,,1,です
88.300000,0.038124,1,0,,1,けど
88.400000,0.020169,1,0,,1,でき
88.500000,0.083156,1,0,,1,でき
88.600000,0.059214,1,0,,1,れ
88.700000,0.119042,1,0,,1,れ
88.800000,0.133662,1,0,,1,ば
88.900000,0.033131,1,0,,1,ここ
89.000000,0.057104,1,0,,1,ここ
89.100000,0.096000,1,0,,1,が
89.200000,0.057837,1,0,,1,です
89.300000,0.093463,1,0,,1,海
89.400000,0.091965,1,0,,1,海
89.500000,0.077819,1,0,,1,高
89.600000,0.122199,1,0,,1,いく?
89.700000,0.035161,1,0,,1,いく?
89.800000,0.123585,1,0,,1,いく?
89.900000,0.147185,1,0,,0,
90.000000,0.083257,1,0,,0,
90.100000,0.005092,0,100,,0,
90.200000,0.009608,0,200,,1,静
90.300000,0.038262,1,0,,1,静
90.400000,0.037925,1,0,,1,か
90.500000,0.080844,1,0,,1,か
90.600000,0.033278,1,0,,1,します
90.700000,0.043830,1,0,,1,します
90.800000,0.029513,1,0,,1,海
90.900000,0.020836,1,0,,1,海
91.000000,0.036574,1,0,,1,海
91.100000,0.033818,1,0,,1,海
91.200000,0.008585,0,100,,1,海
91.300000,0.117105,1,0,,1,海
91.400000,0.087232,1,0,,1,高
91.500000,0.082795,1,0,,1,高
91.600000,0.141432,1,0,,1,いく?
91.700000,0.019276,1,0,,1,いく?
91.800000,0.140160,1,0,,0,
91.900000,0.143445,1,0,,0,
92.000000,0.099349,1,0,,0,
92.100000,0.048029,1,0,,0,
92.200000,0.044664,1,0,,0,
92.300000,0.069700,1,0,,1,い
92.400000,0.126912,1,0,,1,ません
92.500000,0.124307,1,0,,1,ません
92.600000,0.119377,1,0,,0,
92.700000,0.126915,1,0,,0,
92.800000,0.083639,1,0,,0,
92.900000,0.132315,1,0,,0,
93.000000,0.134695,1,0,,1,はい
93.100000,0.085303,1,0,,1,はい
93.200000,0.062526,1,0,,1,はい
93.300000,0.145479,1,0,,1,はい
93.400000,0.100087,1,0,,1,い
93.500000,0.104650,1,0,,1,い
93.600000,0.131167,1,0,,1,い
93.700000,0.136901,1,0,,1,ません
93.800000,0.111631,1,0,,1,ません
93.900000,0.120360,1,0,,1,ません
94.000000,0.100253,1,0,,0,
94.100000,0.096625,1,0,,0,
94.200000,0.126825,1,0,,0,
94.300000,0.097030,1,0,,0,
94.400000,0.103249,1,0,,0,
94.500000,0.057264,1,0,,0,
94.600000,0.058127,1,0,,0,
94.700000,0.038465,1,0,,0,
94.800000,0.007557,0,100,,1,俺
94.900000,0.006071,0,200,,1,俺
95.000000,0.036893,1,0,,1,俺
95.100000,0.053983,1,0,,1,今
95.200000,0.143456,1,0,,1,今
95.300000,0.142948,1,0,,1,今
95.400000,0.116843,1,0,,1,今
95.500000,0.034211,1,0,,1,自己
95.600000,0.049527,1,0,,1,自己
95.700000,0.127976,1,0,,1,入
95.800000,0.085512,1,0,,1,りました
95.900000,0.118854,1,0,,1,りました
96.000000,0.031443,1,0,,1,りました
96.100000,0.072001,1,0,,1,か
96.200000,0.039442,1,0,,1,か
96.300000,0.066078,1,0,,1,か
96.400000,0.074220,1,0,,1,か
96.500000,0.112052,1,0,,1,か
96.600000,0.117743,1,0,,1,べ
96.700000,0.077622,1,0,,1,て
96.800000,0.058312,1,0,,1,な
96.900000,0.086593,1,0,,1,な
97.000000,0.008495,0,100,,0,
97.100000,0.042530,1,0,,0,
97.200000,0.024865,1,0,,0,
97.300000,0.061903,1,0,,0,
97.400000,0.021012,1,0,,0,
97.500000,0.068733,1,0,,1,はい
97.600000,0.090177,1,0,,1,はい
97.700000,0.149556,1,0,,1,はい
97.800000,0.038595,1,0,,0,
97.900000,0.011077,1,0,,0,
98.000000,0.008360,0,100,,0,
98.100000,0.008297,0,200,,0,
98.200000,0.008450,0,300,,0,
98.300000,0.042356,1,0,,0,
98.400000,0.011341,1,0,,0,
98.500000,0.006218,0,100,,0,
98.600000,0.056173,1,0,,0,
98.700000,0.135040,1,0,,0,
98.800000,0.015949,1,0,,0,
98.900000,0.033805,1,0,,1,でも
99.000000,0.112550,1,0,,1,でも
99.100000,0.139480,1,0,,1,でも
99.200000,0.145112,1,0,,1,でも
99.300000,0.059863,1,0,,1,でも
99.400000,0.130763,1,0,,1,でも
99.500000,0.115569,1,0,,1,でも
99.600000,0.115497,1,0,,1,でも
99.700000,0.137382,1,0,,1,でも
99.800000,0.087709,1,0,,1,そんな
99.900000,0.086862,1,0,,1,そんな
100.000000,0.106796,1,0,,1,そんな
100.100000,0.058391,1,0,,1,そんな
100.200000,0.132284,1,0,,1,そんな
100.300000,0.108798,1,0,,1,殴
100.400000,0.133740,1,0,,1,殴
100.500000,0.086952,1,0,,1,殴
100.600000,0.090878,1,0,,1,って
100.700000,0.116784,1,0,,1,って
100.800000,0.118629,1,0,,1,も
100.900000,0.176870,1,0,,1,も
101.000000,0.054681,1,0,,1,俺
101.100000,0.039685,1,0,,1,俺
101.200000,0.158528,1,0,,1,俺
101.300000,0.065070,1,0,,1,の
101.400000,0.117706,1,0,,1,の
101.500000,0.021864,1,0,,1,服
101.600000,0.128573,1,0,,1,は
101.700000,0.056075,1,0,,1,脱
101.800000,0.059733,1,0,,1,脱
101.900000,0.099150,1,0,,1,げ
102.000000,0.116246,1,0,,1,ない
102.100000,0.072872,1,0,,1,し
102.200000,0.048119,1,0,,1,し
102.300000,0.086160,1,0,,1,レ
102.400000,0.035207,1,0,,1,レ
102.500000,0.020459,1,0,,1,レ
102.600000,0.117170,1,0,,1,レ
102.700000,0.095524,1,0,,1,ン
102.800000,0.087038,1,0,,1,さん
102.900000,0.098016,1,0,,1,の
103.000000,0.046750,1,0,,1,服
103.100000,0.077732,1,0,,1,も
103.200000,0.082474,1,0,,1,脱
103.300000,0.103866,1,0,,1,脱
103.400000,0.083754,1,0,,1,げ
103.500000,0.127309,1,0,,1,ない
103.600000,0.074304,1,0,,1,って
103.700000,0.083287,1,0,,1,わ
103.800000,0.056879,1,0,,1,わ
103.900000,0.043889,1,0,,1,俺
104.000000,0.024079,1,0,,1,俺
104.100000,0.117306,1,0,,1,俺
104.200000,0.056121,1,0,,1,の
104.300000,0.080744,1,0,,1,の
104.400000,0.068140,1,0,,1,勝
104.500000,0.101442,1,0,,1,ち
104.600000,0.043323,1,0,,1,ち
104.700000,0.017128,1,0,,1,って
104.800000,0.079416,1,0,,1,わ
104.900000,0.085596,1,0,,1,わ
105.000000,0.059552,1,0,,1,け
105.100000,0.059939,1,0,,1,じゃあ
105.200000,0.188584,1,0,,1,じゃあ
105.300000,0.147031,1,0,,1,レ
105.400000,0.130979,1,0,,1,レ
105.500000,0.072374,1,0,,1,も
105.600000,0.048405,1,0,,1,殺
105.700000,0.092272,1,0,,1,殺
105.800000,0.085247,1,0,,1,した
105.900000,0.060698,1,0,,1,した
106.000000,0.082748,1,0,,1,ほ
106.100000,0.098624,1,0,,1,が
106.200000,0.049279,1,0,,1,いい
106.300000,0.002408,0,100,,1,か
106.400000,0.145431,1,0,,1,か
106.500000,0.104821,1,0,,1,か
106.600000,0.032416,1,0,,0,
106.700000,0.011985,1,0,,0,
106.800000,0.123555,1,0,,0,
106.900000,0.120900,1,0,,0,
107.000000,0.125055,1,0,,0,
107.100000,0.098234,1,0,,0,
107.200000,0.164617,1,0,,1,や
107.300000,0.133194,1,0,,1,や
107.400000,0.098499,1,0,,1,や
107.500000,0.128264,1,0,,1,や
107.600000,0.147541,1,0,,1,めて
107.700000,0.109092,1,0,,1,めて
107.800000,0.081148,1,0,,1,ください
107.900000,0.134641,1,0,,1,ください
108.000000,0.105716,1,0,,1,ください
108.100000,0.135125,1,0,,0,
108.200000,0.061722,1,0,,0,
108.300000,0.112291,1,0,,0,
108.400000,0.089597,1,0,,0,
108.500000,0.083110,1,0,,0,
108.600000,0.044891,1,0,,0,
108.700000,0.023881,1,0,,0,
108.800000,0.028083,1,0,,0,
108.900000,0.110510,1,0,,0,
109.000000,0.147567,1,0,,1,や
109.100000,0.035375,1,0,,1,や
109.200000,0.011198,1,0,,1,や
109.300000,0.127802,1,0,,1,や
109.400000,0.161614,1,0,,1,ましょう
109.500000,0.037645,1,0,,1,ましょう
109.600000,0.063820,1,0,,0,
109.700000,0.050059,1,0,,0,
109.800000,0.080096,1,0,,0,
109.900000,0.080415,1,0,,0,
110.000000,0.079071,1,0,,1,ヒ
110.100000,0.039630,1,0,,1,ヒ
110.200000,0.006696,0,100,,1,ヒ
110.300000,0.031788,1,0,,1,ヒ
110.400000,0.117792,1,0,,1,ナ
110.500000,0.084072,1,0,,1,の
110.600000,0.064066,1,0,,1,夢
110.700000,0.064113,1,0,,1,を
110.800000,0.052702,1,0,,1,を
110.900000,0.014424,1,0,,1,でも
111.000000,0.067895,1,0,,1,でも
111.100000,0.153452,1,0,,1,でも
111.200000,0.110335,1,0,,1,殺
111.300000,0.068007,1,0,,1,殺
111.400000,0.145912,1,0,,1,殺
111.500000,0.075396,1,0,,1,した
111.600000,0.108256,1,0,,1,した
111.700000,0.099495,1,0,,1,ほ
111.800000,0.083799,1,0,,1,いい
111.900000,0.078241,1,0,,1,いい
112.000000,0.137461,1,0,,1,よね
112.100000,0.060814,1,0,,1,よね
112.200000,0.131098,1,0,,1,だ
112.300000,0.123408,1,0,,1,だ
112.400000,0.112609,1,0,,1,って
112.500000,0.122248,1,0,,1,って
112.600000,0.091732,1,0,,1,着
112.700000,0.107100,1,0,,1,着
112.800000,0.088323,1,0,,1,着
112.900000,0.141527,1,0,,1,え
113.000000,0.086403,1,0,,1,ます
113.100000,0.067489,1,0,,1,ます
113.200000,0.024976,1,0,,1,ます
113.300000,0.011188,1,0,,1,着
113.400000,0.030005,1,0,,1,着
113.500000,0.033883,1,0,,1,着
113.600000,0.093884,1,0,,1,替
113.700000,0.133315,1,0,,1,え
113.800000,0.073480,1,0,,1,ます
113.900000,0.023136,1,0,,1,ます
114.000000,0.022449,1,0,,1,ます
114.100000,0.028848,1,0,,1,着
114.200000,0.158568,1,0,,1,着
114.300000,0.145063,1,0,,1,替
114.400000,0.074750,1,0,,1,ます
114.500000,0.061867,1,0,,1,ます
114.600000,0.012097,1,0,,1,ます
114.700000,0.012075,1,0,,1,ます
114.800000,0.169420,1,0,,1,ます
114.900000,0.110068,1,0,,1,ます
115.000000,0.104947,1,0,,1,ます
115.100000,0.129897,1,0,,1,ます
115.200000,0.093964,1,0,,1,ます
115.300000,0.189223,1,0,,1,ます
115.400000,0.086667,1,0,,1,ます
115.500000,0.059709,1,0,,1,ます
115.600000,0.012176,1,0,,1,ます
115.700000,0.016697,1,0,,1,俺
115.800000,0.162151,1,0,,1,俺
115.900000,0.152466,1,0,,1,俺
116.000000,0.083151,1,0,,1,が
116.100000,0.094924,1,0,,1,着
116.200000,0.064615,1,0,,1,着
116.300000,0.056066,1,0,,1,え
116.400000,0.047221,1,0,,1,ます
116.500000,0.022537,1,0,,1,ます
116.600000,0.009272,0,100,,1,ます
116.700000,0.006433,0,200,,1,はい
116.800000,0.034453,1,0,,1,はい
116.900000,0.080528,1,0,,1,はい
117.000000,0.041829,1,0,,1,ご
117.100000,0.072898,1,0,,1,ご
117.200000,0.083963,1,0,,1,め
117.300000,0.076459,1,0,,1,んな
117.400000,0.054016,1,0,,1,さい
117.500000,0.080990,1,0,,1,さい
117.600000,0.050288,1,0,,0,
117.700000,0.098653,1,0,,0,
117.800000,0.135855,1,0,,0,
117.900000,0.143642,1,0,,0,
118.000000,0.101835,1,0,,0,
118.100000,0.135546,1,0,,0,
118.200000,0.084817,1,0,,0,
118.300000,0.147098,1,0,,0,
118.400000,0.064379,1,0,,1,ご
118.500000,0.132573,1,0,,1,ご
118.600000,0.136578,1,0,,1,ご
118.700000,0.148252,1,0,,1,ご
118.800000,0.099973,1,0,,1,め
118.900000,0.103045,1,0,,1,め
119.000000,0.083790,1,0,,1,め
119.100000,0.090473,1,0,,1,め
119.200000,0.079869,1,0,,1,んな
119.300000,0.083814,1,0,,1,さい
119.400000,0.087935,1,0,,1,さい
119.500000,0.115234,1,0,,1,さい
119.600000,0.054865,1,0,,1,本当
119.700000,0.061963,1,0,,1,本当
119.800000,0.115821,1,0,,1,本当
119.900000,0.076603,1,0,,1,本当
120.000000,0.064861,1,0,,1,本当
120.100000,0.100113,1,0,,1,本当
120.200000,0.091529,1,0,,1,に
120.300000,0.136333,1,0,,1,に
120.400000,0.116609,1,0,,1,ご
120.500000,0.101513,1,0,,1,め
120.600000,0.079595,1,0,,1,んな
120.700000,0.077173,1,0,,1,んな
120.800000,0.105191,1,0,,1,さい
120.900000,0.081113,1,0,,1,さい
121.000000,0.031930,1,0,,0,
121.100000,0.033301,1,0,,0,
121.200000,0.008546,0,100,,0,
121.300000,0.007083,0,200,,0,
121.400000,0.009658,0,300,,0,
121.500000,0.005857,0,400,,0,
121.600000,0.004074,0,500,,0,
121.700000,0.008589,0,600,,0,
121.800000,0.009012,0,700,,0,
121.900000,0.006109,0,800,,0,
122.000000,0.009284,0,900,,0,
122.100000,0.006254,0,1000,,0,
122.200000,0.005432,0,1100,,0,
122.300000,0.004186,0,1200,,0,
122.400000,0.005305,0,1300,,0,
122.500000,0.009024,0,1400,,0,
122.600000,0.008026,0,1500,,0,
122.700000,0.006490,0,1600,,0,
122.800000,0.005594,0,1700,,0,
122.900000,0.010080,1,0,,0,
123.000000,0.008720,0,100,,0,
123.100000,0.006336,0,200,,0,
123.200000,0.015426,1,0,,0,
123.300000,0.044016,1,0,,0,
123.400000,0.074104,1,0,,0,
123.500000,0.098443,1,0,,0,
123.600000,0.083751,1,0,,0,
123.700000,0.045159,1,0,,0,
123.800000,0.031901,1,0,,0,
123.900000,0.024342,1,0,,0,
124.000000,0.021915,1,0,,0,
124.100000,0.017205,1,0,,0,
124.200000,0.011969,1,0,,0,
124.300000,0.006646,0,100,,1,や
124.400000,0.009325,0,200,,1,や
124.500000,0.006293,0,300,,1,や
124.600000,0.006581,0,400,,1,や
124.700000,0.005553,0,500,,1,めて
124.800000,0.016107,1,0,,1,めて
124.900000,0.147741,1,0,,1,めて
125.000000,0.085746,1,0,,1,めて
125.100000,0.121550,1,0,,1,ね
125.200000,0.090429,1,0,,1,マ
125.300000,0.112416,1,0,,1,ピ
125.400000,0.121390,1,0,,1,どう
125.500000,0.106899,1,0,,1,どう
125.600000,0.054094,1,0,,1,した
125.700000,0.139316,1,0,,1,の
125.800000,0.148004,1,0,,1,よ
125.900000,0.136961,1,0,,1,よ
126.000000,0.070901,1,0,,1,よ
126.100000,0.010735,1,0,,1,よ
126.200000,0.029350,1,0,,1,よ
126.300000,0.036623,1,0,,1,なん
126.400000,0.017231,1,0,,1,なん
126.500000,0.024859,1,0,,1,なん
126.600000,0.018592,1,0,,1,なん
126.700000,0.010972,1,0,,1,なん
126.800000,0.019924,1,0,,1,なん
126.900000,0.011980,1,0,,1,なん
127.000000,0.090843,1,0,,1,なん
127.100000,0.195061,1,0,,1,で
127.200000,0.118406,1,0,,1,で
127.300000,0.054168,1,0,,1,男
127.400000,0.032076,1,0,,1,男
127.500000,0.099012,1,0,,1,男
127.600000,0.037910,1,0,,1,して
127.700000,0.045345,1,0,,1,る
127.800000,0.075047,1,0,,1,る
127.900000,0.043870,1,0,,1,え
128.000000,0.003498,0,100,,1,え
128.100000,0.002712,0,200,,1,え
128.200000,0.003569,0,300,,1,え
128.300000,0.004678,0,400,,1,え
128.400000,0.076259,1,0,,1,え
128.500000,0.120022,1,0,,1,っと
128.600000,0.139778,1,0,,1,っと
128.700000,0.122417,1,0,,0,
128.800000,0.012961,1,0,,0,
128.900000,0.004027,0,100,,0,
129.000000,0.001738,0,200,,0,
129.100000,0.001938,0,300,,0,
129.200000,0.002673,0,400,,0,
129.300000,0.001639,0,500,,0,
129.400000,0.003636,0,600,,0,
129.500000,0.008018,0,700,,0,
129.600000,0.009185,0,800,,0,
129.700000,0.013205,1,0,,0,
129.800000,0.010073,1,0,,0,
129.900000,0.015717,1,0,,0,
130.000000,0.016939,1,0,,0,
130.100000,0.005535,0,100,,0,
130.200000,0.012632,1,0,,0,
130.300000,0.019113,1,0,,0,
130.400000,0.017578,1,0,,0,
130.500000,0.024263,1,0,,0,
130.600000,0.015180,1,0,,0,
130.700000,0.008846,0,100,,0,
130.800000,0.012564,1,0,,0,
130.900000,0.016278,1,0,,0,
131.000000,0.013542,1,0,,0,
131.100000,0.108661,1,0,,1,自己
131.200000,0.115303,1,0,,1,自己
131.300000,0.029477,1,0,,1,自己
131.400000,0.073344,1,0,,1,自己
131.500000,0.060395,1,0,,1,死
131.600000,0.118908,1,0,,1,死
131.700000,0.048611,1,0,,1,死
131.800000,0.032409,1,0,,1,じゃ
131.900000,0.080324,1,0,,1,じゃ
132.000000,0.007144,0,100,,1,って
132.100000,0.011182,1,0,,1,って
132.200000,0.136995,1,0,,1,って
132.300000,0.126742,1,0,,1,って
132.400000,0.055203,1,0,,1,そうだ
132.500000,0.026629,1,0,,1,そうだ
132.600000,0.184661,1,0,,1,そうだ
132.700000,0.177558,1,0,,1,そうだ
132.800000,0.173864,1,0,,1,ね
132.900000,0.148802,1,0,,1,ね
133.000000,0.143802,1,0,,1,ね
133.100000,0.166235,1,0,,1,ね
133.200000,0.060493,1,0,,1,ね
133.300000,0.095596,1,0,,1,ね
133.400000,0.138182,1,0,,1,ね
133.500000,0.138077,1,0,,1,心
133.600000,0.145421,1,0,,1,心
133.700000,0.157267,1,0,,1,心
133.800000,0.121737,1,0,,1,心
133.900000,0.034597,1,0,,1,心
134.000000,0.061605,1,0,,1,心
134.100000,0.038086,1,0,,1,配
134.200000,0.009277,0,100,,1,配
134.300000,0.194910,1,0,,1,配
134.400000,0.192124,1,0,,1,配
134.500000,0.193702,1,0,,1,自己
134.600000,0.167274,1,0,,1,自己
134.700000,0.075204,1,0,,1,自己
134.800000,0.061686,1,0,,1,死
134.900000,0.048574,1,0,,1,死
135.000000,0.038000,1,0,,1,じゃ
135.100000,0.125352,1,0,,1,じゃ
135.200000,0.155127,1,0,,1,って
135.300000,0.139242,1,0,,1,って
135.400000,0.119294,1,0,,1,って
135.500000,0.139243,1,0,,1,心
135.600000,0.088000,1,0,,1,心
135.700000,0.042754,1,0,,1,配
135.800000,0.075284,1,0,,1,配
135.900000,0.091419,1,0,,1,配
136.000000,0.101469,1,0,,1,配
136.100000,0.037332,1,0,,1,配
136.200000,0.012105,1,0,,1,配
136.300000,0.049287,1,0,,0,
136.400000,0.073917,1,0,,0,
136.500000,0.187109,1,0,,0,
136.600000,0.039937,1,0,,1,はい
136.700000,0.197914,1,0,,1,はい
136.800000,0.189454,1,0,,1,はい
136.900000,0.168653,1,0,,1,着
137.000000,0.168101,1,0,,1,替
137.100000,0.129783,1,0,,1,替
137.200000,0.102561,1,0,,1,替
137.300000,0.018139,1,0,,1,替
137.400000,0.016736,1,0,,1,替
137.500000,0.094882,1,0,,1,替
137.600000,0.127734,1,0,,1,替
137.700000,0.110727,1,0,,1,替
137.800000,0.123262,1,0,,1,え
137.900000,0.061026,1,0,,1,え
138.000000,0.154817,1,0,,1,え
138.100000,0.066452,1,0,,1,の
138.200000,0.069300,1,0,,1,の
138.300000,0.049963,1,0,,1,の
138.400000,0.017959,1,0,,1,の
138.500000,0.006689,0,100,,1,の
138.600000,0.057789,1,0,,1,の
138.700000,0.133647,1,0,,1,の
138.800000,0.086695,1,0,,1,人
138.900000,0.082888,1,0,,1,も
139.000000,0.080134,1,0,,1,も
139.100000,0.159200,1,0,,1,多
139.200000,0.099553,1,0,,1,分
139.300000,0.076493,1,0,,1,分
139.400000,0.029740,1,0,,1,呼
139.500000,0.061716,1,0,,1,呼
139.600000,0.096026,1,0,,1,んで
139.700000,0.118050,1,0,,1,る
139.800000,0.166773,1,0,,1,ら
139.900000,0.088060,1,0,,1,わか
140.000000,0.076166,1,0,,1,る
140.100000,0.046518,1,0,,1,る
140.200000,0.029155,1,0,,1,と思
140.300000,0.054549,1,0,,1,着
140.400000,0.107797,1,0,,1,着
140.500000,0.022909,1,0,,1,替
140.600000,0.103906,1,0,,1,替
140.700000,0.047358,1,0,,1,替
140.800000,0.166763,1,0,,1,え
140.900000,0.145151,1,0,,1,え
141.000000,0.080967,1,0,,1,呼
141.100000,0.072849,1,0,,1,呼
141.200000,0.146071,1,0,,1,る?
141.300000,0.129353,1,0,,1,る?
141.400000,0.141834,1,0,,0,
141.500000,0.127695,1,0,,0,
141.600000,0.005350,0,100,,1,ハ
141.700000,0.004323,0,200,,1,ハ
141.800000,0.080800,1,0,,1,ハ
141.900000,0.049112,1,0,,1,ニ
142.000000,0.011865,1,0,,1,ー
142.100000,0.115417,1,0,,1,ちゃん
142.200000,0.183856,1,0,,1,大丈夫?
142.300000,0.101995,1,0,,1,大丈夫?
142.400000,0.078360,1,0,,1,大丈夫?
142.500000,0.088088,1,0,,0,
142.600000,0.074468,1,0,,0,
142.700000,0.036966,1,0,,0,
142.800000,0.120094,1,0,,0,
142.900000,0.142251,1,0,,0,
143.000000,0.134385,1,0,,0,
143.100000,0.122075,1,0,,0,
143.200000,0.079178,1,0,,0,
143.300000,0.060458,1,0,,0,
143.400000,0.097421,1,0,,0,
143.500000,0.130208,1,0,,1,ト
143.600000,0.130449,1,0,,1,ウ
143.700000,0.106281,1,0,,1,マ
143.800000,0.141965,1,0,,1,だ
143.900000,0.123388,1,0,,1,だ
144.000000,0.028834,1,0,,1,と
144.100000,0.090605,1,0,,1,と
144.200000,0.032178,1,0,,1,ドン
144.300000,0.056978,1,0,,1,ドン
144.400000,0.057826,1,0,,1,ドン
144.500000,0.100146,1,0,,1,ドン
144.600000,0.162359,1,0,,1,ドン
144.700000,0.090072,1,0,,1,キ
144.800000,0.043409,1,0,,1,キ
144.900000,0.079371,1,0,,1,に
145.000000,0.093693,1,0,,1,に
145.100000,0.084998,1,0,,1,る
145.200000,0.031408,1,0,,1,ト
145.300000,0.122227,1,0,,1,ト
145.400000,0.134929,1,0,,1,ウ
145.500000,0.095122,1,0,,1,マ
145.600000,0.070019,1,0,,1,って
145.700000,0.055654,1,0,,1,って
145.800000,0.077179,1,0,,1,の
145.900000,0.108131,1,0,,1,が
146.000000,0.080708,1,0,,1,ある
146.100000,0.034352,1,0,,1,んです
146.200000,0.080657,1,0,,1,けど
146.300000,0.164848,1,0,,1,ドン
146.400000,0.124790,1,0,,1,ドン
146.500000,0.053269,1,0,,1,ドン
146.600000,0.129736,1,0,,1,に
146.700000,0.131843,1,0,,1,に
146.800000,0.114913,1,0,,1,よ
146.900000,0.071193,1,0,,1,る
147.000000,0.084661,1,0,,1,ト
147.100000,0.132956,1,0,,1,ウ
147.200000,0.089880,1,0,,1,ウ
147.300000,0.132887,1,0,,1,マ
147.400000,0.121712,1,0,,1,か
147.500000,0.099868,1,0,,1,か
147.600000,0.083562,1,0,,1,か
147.700000,0.178425,1,0,,1,か
147.800000,0.166708,1,0,,1,か
147.900000,0.172125,1,0,,1,わ
148.000000,0.141743,1,0,,1,わ
148.100000,0.095386,1,0,,1,そう
148.200000,0.099952,1,0,,1,そう
148.300000,0.150084,1,0,,1,そう
148.400000,0.154204,1,0,,1,心
148.500000,0.127897,1,0,,1,心
148.600000,0.110054,1,0,,1,心
148.700000,0.033212,1,0,,1,心
148.800000,0.129297,1,0,,1,配
148.900000,0.109636,1,0,,1,配
149.000000,0.089668,1,0,,1,ジャ
149.100000,0.066172,1,0,,1,ンプ
149.200000,0.148449,1,0,,1,が
149.300000,0.188849,1,0,,1,が
149.400000,0.195922,1,0,,1,ある
149.500000,0.170845,1,0,,1,ある
149.600000,0.170107,1,0,,1,ある
149.700000,0.155266,1,0,,1,ある
149.800000,0.162015,1,0,,1,ある
149.900000,0.113748,1,0,,1,ある
150.000000,0.097280,1,0,,0,
150.100000,0.070638,1,0,,0,
150.200000,0.032102,1,0,,0,
150.300000,0.006718,0,100,,1,はい
150.400000,0.003904,0,200,,1,はい
150.500000,0.002991,0,300,,1,はい
150.600000,0.102143,1,0,,1,た
150.700000,0.147393,1,0,,1,た
150.800000,0.063483,1,0,,1,た
150.900000,0.009386,0,100,,1,た
151.000000,0.037065,1,0,,1,た
151.100000,0.058382,1,0,,1,ぶ
151.200000,0.031632,1,0,,1,ん
151.300000,0.014951,1,0,,1,ん
151.400000,0.011257,1,0,,1,銃
151.500000,0.056980,1,0,,1,銃
151.600000,0.064242,1,0,,1,とか
151.700000,0.058279,1,0,,1,とか
151.800000,0.130831,1,0,,1,は
151.900000,0.115693,1,0,,1,は
152.000000,0.113279,1,0,,1,入
152.100000,0.012789,1,0,,1,って
152.200000,0.087642,1,0,,1,ない
152.300000,0.079369,1,0,,1,と思います
152.400000,0.047604,1,0,,1,と思います
152.500000,0.067350,1,0,,1,と思います
152.600000,0.065323,1,0,,1,カ
152.700000,0.014282,1,0,,1,カ
152.800000,0.100893,1,0,,1,カ
152.900000,0.065069,1,0,,1,ダ
153.000000,0.095256,1,0,,1,の
153.100000,0.085667,1,0,,1,中
153.200000,0.070587,1,0,,1,に
153.300000,0.166597,1,0,,1,に
153.400000,0.180729,1,0,,1,か
153.500000,0.168086,1,0,,1,か
153.600000,0.145280,1,0,,1,わ
153.700000,0.129311,1,0,,1,い
153.800000,0.082934,1,0,,1,い
153.900000,0.079992,1,0,,1,そう
154.000000,0.137511,1,0,,1,そう
154.100000,0.163968,1,0,,1,そう
154.200000,0.165279,1,0,,1,そう
154.300000,0.148529,1,0,,1,か
154.400000,0.158279,1,0,,1,か
154.500000,0.146361,1,0,,1,か
154.600000,0.118313,1,0,,1,か
154.700000,0.080311,1,0,,1,か
154.800000,0.083764,1,0,,1,わ
154.900000,0.116504,1,0,,1,わ
155.000000,0.039227,1,0,,1,そう
155.100000,0.111918,1,0,,1,そう
155.200000,0.050922,1,0,,1,です
155.300000,0.073310,1,0,,1,も
155.400000,0.097646,1,0,,1,ん
155.500000,0.080453,1,0,,1,ん
155.600000,0.109841,1,0,,1,ね
155.700000,0.151479,1,0,,0,
155.800000,0.121624,1,0,,0,
155.900000,0.158366,1,0,,0,
156.000000,0.095700,1,0,,0,
156.100000,0.140338,1,0,,0,
156.200000,0.143041,1,0,,0,
156.300000,0.108597,1,0,,0,
156.400000,0.152273,1,0,,1,手
156.500000,0.040019,1,0,,1,手
156.600000,0.084554,1,0,,1,手
156.700000,0.078507,1,0,,1,状
156.800000,0.081886,1,0,,1,が
156.900000,0.080807,1,0,,1,が
157.000000,0.022688,1,0,,1,け
157.100000,0.078669,1,0,,1,ら
157.200000,0.054585,1,0,,1,れた
157.300000,0.008581,0,100,,1,れた
157.400000,0.063944,1,0,,0,
157.500000,0.041059,1,0,,0,
157.600000,0.038140,1,0,,0,
157.700000,0.028365,1,0,,0,
157.800000,0.025699,1,0,,0,
157.900000,0.024322,1,0,,1,ちょっと
158.000000,0.010613,1,0,,1,ちょっと
158.100000,0.074624,1,0,,1,ちょっと
158.200000,0.078587,1,0,,1,2
158.300000,0.015670,1,0,,1,2
158.400000,0.155368,1,0,,1,人
158.500000,0.121514,1,0,,1,人
158.600000,0.082896,1,0,,1,で
158.700000,0.035235,1,0,,1,ちょっと
158.800000,0.030283,1,0,,1,ちょっと
158.900000,0.019724,1,0,,1,ここ
159.000000,0.028504,1,0,,1,ここ
159.100000,0.062694,1,0,,1,来
159.200000,0.016843,1,0,,1,来
159.300000,0.077213,1,0,,1,て
159.400000,0.088229,1,0,,1,み
159.500000,0.087502,1,0,,1,た
159.600000,0.115551,1,0,,1,ら
159.700000,0.076901,1,0,,1,ら
159.800000,0.016856,1,0,,1,ら
159.900000,0.023262,1,0,,0,
160.000000,0.009825,0,100,,0,
160.100000,0.002732,0,200,,0,
160.200000,0.003700,0,300,,0,
160.300000,0.007773,0,400,,0,
160.400000,0.027245,1,0,,0,
160.500000,0.015764,1,0,,0,
160.600000,0.010477,1,0,,1,ね
160.700000,0.059836,1,0,,1,ね
160.800000,0.124845,1,0,,1,まず
160.900000,0.074581,1,0,,1,まず
161.000000,0.083590,1,0,,1,まず
161.100000,0.031987,1,0,,1,く
161.200000,0.015879,1,0,,1,て
161.300000,0.032160,1,0,,1,て
161.400000,0.016319,1,0,,1,し
161.500000,0.079728,1,0,,1,し
161.600000,0.150035,1,0,,1,の
161.700000,0.093628,1,0,,1,り
161.800000,0.141580,1,0,,1,さん
161.900000,0.107051,1,0,,1,も
162.000000,0.063220,1,0,,1,そうだ
162.100000,0.146904,1,0,,1,そうだ
162.200000,0.108995,1,0,,1,よね
162.300000,0.069992,1,0,,0,
162.400000,0.089009,1,0,,0,
162.500000,0.070120,1,0,,0,
162.600000,0.005736,0,100,,0,
162.700000,0.005389,0,200,,0,
162.800000,0.003876,0,300,,0,
162.900000,0.014088,1,0,,1,はい
163.000000,0.147448,1,0,,1,はい
163.100000,0.093867,1,0,,1,はい
163.200000,0.006033,0,100,,0,
163.300000,0.006202,0,200,,0,
163.400000,0.002943,0,300,,0,
163.500000,0.003066,0,400,,0,
163.600000,0.058032,1,0,,1,あの
163.700000,0.068846,1,0,,1,あの
163.800000,0.113090,1,0,,1,あの
163.900000,0.096410,1,0,,1,自
164.000000,0.038799,1,0,,1,自
164.100000,0.065429,1,0,,1,自
164.200000,0.088624,1,0,,1,然
164.300000,0.091427,1,0,,1,って
164.400000,0.008480,0,100,,1,って
164.500000,0.088692,1,0,,1,って
164.600000,0.093368,1,0,,1,う
164.700000,0.055139,1,0,,1,う
164.800000,0.073778,1,0,,1,ち
164.900000,0.127118,1,0,,1,の
165.000000,0.150341,1,0,,1,社
165.100000,0.141015,1,0,,1,社
165.200000,0.087395,1,0,,1,社
165.300000,0.044300,1,0,,1,社
165.400000,0.089762,1,0,,1,長
165.500000,0.145225,1,0,,1,が
165.600000,0.030539,1,0,,1,引
165.700000,0.112067,1,0,,1,か
165.800000,0.083020,1,0,,1,れて
165.900000,0.063690,1,0,,1,ました
166.000000,0.040843,1,0,,1,ました
166.100000,0.037890,1,0,,1,ました
166.200000,0.083747,1,0,,1,ました
166.300000,0.016803,1,0,,1,ね
166.400000,0.018364,1,0,,1,ね
166.500000,0.063571,1,0,,1,ね
166.600000,0.028626,1,0,,1,ね
166.700000,0.008510,0,100,,1,ね
166.800000,0.009068,0,200,,1,あ、
166.900000,0.013473,1,0,,1,あ、
167.000000,0.024831,1,0,,1,あ、
167.100000,0.029198,1,0,,1,あ、
167.200000,0.053713,1,0,,1,あ、
167.300000,0.066706,1,0,,0,
167.400000,0.059888,1,0,,1,そう
167.500000,0.170423,1,0,,1,なん
167.600000,0.116683,1,0,,1,なん
167.700000,0.055788,1,0,,1,ですね
167.800000,0.016361,1,0,,1,ですね
167.900000,0.042668,1,0,,1,ですね
168.000000,0.078224,1,0,,0,
168.100000,0.114033,1,0,,0,
168.200000,0.135538,1,0,,0,
168.300000,0.053715,1,0,,0,
168.400000,0.095976,1,0,,0,
168.500000,0.142845,1,0,,0,
168.600000,0.033443,1,0,,0,
168.700000,0.011874,1,0,,0,
168.800000,0.052690,1,0,,0,
168.900000,0.035444,1,0,,0,
169.000000,0.009002,0,100,,1,はい
169.100000,0.003735,0,200,,1,はい
169.200000,0.019301,1,0,,1,はい
169.300000,0.065378,1,0,,1,10
169.400000,0.136060,1,0,,1,10
169.500000,0.102662,1,0,,1,10
169.600000,0.093329,1,0,,1,10
169.700000,0.140833,1,0,,1,10
169.800000,0.147623,1,0,,1,けど
169.900000,0.083698,1,0,,1,けど
170.000000,0.084290,1,0,,1,けど
170.100000,0.034454,1,0,,1,発
170.200000,0.016896,1,0,,1,発
170.300000,0.144202,1,0,,1,発
170.400000,0.046283,1,0,,1,発
170.500000,0.181222,1,0,,1,光
170.600000,0.082250,1,0,,1,通
170.700000,0.047320,1,0,,1,知
170.800000,0.081690,1,0,,1,とか
170.900000,0.080088,1,0,,1,とか
171.000000,0.089965,1,0,,1,も
171.100000,0.081888,1,0,,1,も
171.200000,0.073332,1,0,,1,な
171.300000,0.081900,1,0,,1,な
171.400000,0.091183,1,0,,1,かった
171.500000,0.009244,0,100,,1,かった
171.600000,0.082663,1,0,,1,みたい
171.700000,0.036848,1,0,,1,みたい
171.800000,0.087024,1,0,,1,で
171.900000,0.086054,1,0,,1,で
172.000000,0.103020,1,0,,1,ちゃ
172.100000,0.027657,1,0,,1,った
172.200000,0.138627,1,0,,1,った
172.300000,0.034505,1,0,,1,大丈夫
172.400000,0.121746,1,0,,1,大丈夫
172.500000,0.122764,1,0,,1,大丈夫
172.600000,0.135874,1,0,,1,だ
172.700000,0.104561,1,0,,1,だ
172.800000,0.068443,1,0,,1,だ
172.900000,0.069095,1,0,,1,と思います
173.000000,0.042320,1,0,,1,と思います
173.100000,0.025537,1,0,,0,
173.200000,0.011050,1,0,,0,
173.300000,0.004350,0,100,,0,
173.400000,0.005847,0,200,,0,
173.500000,0.009828,0,300,,0,
173.600000,0.006867,0,400,,0,
173.700000,0.009656,0,500,,0,
173.800000,0.007313,0,600,,0,
173.900000,0.008141,0,700,,0,
174.000000,0.008451,0,800,,0,
174.100000,0.018652,1,0,,0,
174.200000,0.007598,0,100,,0,
174.300000,0.009818,0,200,,0,
174.400000,0.011498,1,0,,0,
174.500000,0.015029,1,0,,0,
174.600000,0.014347,1,0,,0,
174.700000,0.021472,1,0,,0,
174.800000,0.017982,1,0,,0,
174.900000,0.014048,1,0,,0,
175.000000,0.020078,1,0,,0,
175.100000,0.015981,1,0,,0,
175.200000,0.011442,1,0,,0,
175.300000,0.006754,0,100,,0,
175.400000,0.005990,0,200,,0,
175.500000,0.016229,1,0,,0,
175.600000,0.030350,1,0,,0,
175.700000,0.026319,1,0,,0,
175.800000,0.017569,1,0,,0,
175.900000,0.018415,1,0,,0,
176.000000,0.012337,1,0,,0,
176.100000,0.013048,1,0,,0,
176.200000,0.012362,1,0,,1,し
176.300000,0.007309,0,100,,1,し
176.400000,0.005910,0,200,,1,し
176.500000,0.005721,0,300,,1,の
176.600000,0.010817,1,0,,1,の
176.700000,0.126173,1,0,,1,の
176.800000,0.145652,1,0,,1,の
176.900000,0.097717,1,0,,1,り
177.000000,0.067950,1,0,,0,
177.100000,0.013631,1,0,,0,
177.200000,0.006713,0,100,,0,
177.300000,0.004831,0,200,,1,はい
177.400000,0.004538,0,300,,1,はい
177.500000,0.143072,1,0,,1,はい
177.600000,0.028151,1,0,,0,
177.700000,0.003181,0,100,,0,
177.800000,0.003217,0,200,,0,
177.900000,0.003847,0,300,,0,
178.000000,0.003057,0,400,,0,
178.100000,0.003370,0,500,,0,
178.200000,0.003190,0,600,,0,
178.300000,0.003914,0,700,,0,
178.400000,0.002629,0,800,,0,
178.500000,0.003365,0,900,,0,
178.600000,0.003631,0,1000,,1,それで
178.700000,0.030808,1,0,,1,それで
178.800000,0.139489,1,0,,1,それで
178.900000,0.129239,1,0,,1,いい
179.000000,0.106217,1,0,,1,いい
179.100000,0.089440,1,0,,1,いい
179.200000,0.053034,1,0,,1,の
179.300000,0.050078,1,0,,1,か
179.400000,0.047148,1,0,,1,お
179.500000,0.062880,1,0,,1,前
179.600000,0.046203,1,0,,1,は
179.700000,0.023766,1,0,,1,は
179.800000,0.004678,0,100,,1,は
179.900000,0.006043,0,200,,1,は
180.000000,0.021909,1,0,,0,
180.100000,0.088192,1,0,,0,
180.200000,0.021602,1,0,,0,
180.300000,0.032863,1,0,,0,
180.400000,0.110047,1,0,,0,
180.500000,0.014121,1,0,,0,
180.600000,0.010155,1,0,,0,
180.700000,0.041751,1,0,,0,
180.800000,0.010968,1,0,,1,お
180.900000,0.013917,1,0,,1,お
181.000000,0.079153,1,0,,1,お
181.100000,0.171767,1,0,,1,前
181.200000,0.137453,1,0,,1,は
181.300000,0.134605,1,0,,1,今
181.400000,0.123563,1,0,,1,今
181.500000,0.117054,1,0,,0,
181.600000,0.048438,1,0,,0,
181.700000,0.011672,1,0,,0,
181.800000,0.020871,1,0,,1,数
181.900000,0.035974,1,0,,1,数
182.000000,0.110714,1,0,,1,数
182.100000,0.125288,1,0,,1,字
182.200000,0.068345,1,0,,1,字
182.300000,0.094957,1,0,,1,に
182.400000,0.105626,1,0,,1,負
182.500000,0.093012,1,0,,1,負
182.600000,0.068249,1,0,,1,け
182.700000,0.084105,1,0,,1,よう
182.800000,0.029256,1,0,,1,して
182.900000,0.027438,1,0,,1,る
183.000000,0.094614,1,0,,1,る
183.100000,0.047326,1,0,,1,ぞ
183.200000,0.037537,1,0,,1,ぞ
183.300000,0.081270,1,0,,0,
183.400000,0.094769,1,0,,0,
183.500000,0.173730,1,0,,0,
183.600000,0.144033,1,0,,0,
183.700000,0.124707,1,0,,0,
183.800000,0.138678,1,0,,0,
183.900000,0.118058,1,0,,0,
184.000000,0.148221,1,0,,0,
184.100000,0.155811,1,0,,0,
184.200000,0.228262,1,0,,0,
184.300000,0.125886,1,0,,0,
184.400000,0.224887,1,0,,0,
184.500000,0.102019,1,0,,0,
184.600000,0.202416,1,0,,0,
184.700000,0.136806,1,0,,0,
184.800000,0.181264,1,0,,0,
184.900000,0.167867,1,0,,1,今
185.000000,0.141124,1,0,,1,今
185.100000,0.154384,1,0,,1,今
185.200000,0.152164,1,0,,1,じゃない
185.300000,0.176879,1,0,,1,じゃない
185.400000,0.128562,1,0,,1,じゃない
185.500000,0.158631,1,0,,1,の
185.600000,0.080180,1,0,,1,の
185.700000,0.080489,1,0,,1,か
185.800000,0.081318,1,0,,1,か
185.900000,0.102874,1,0,,0,
186.000000,0.082690,1,0,,0,
186.100000,0.099511,1,0,,0,
186.200000,0.098359,1,0,,0,
186.300000,0.069874,1,0,,0,
186.400000,0.118951,1,0,,0,
186.500000,0.107406,1,0,,0,
186.600000,0.099206,1,0,,0,
186.700000,0.065800,1,0,,0,
186.800000,0.100533,1,0,,1,悪
186.900000,0.125072,1,0,,1,悪
187.000000,0.100399,1,0,,1,悪
187.100000,0.097917,1,0,,1,悪
187.200000,0.040790,1,0,,1,い
187.300000,0.028466,1,0,,1,音
187.400000,0.074770,1,0,,1,が
187.500000,0.081393,1,0,,1,が
187.600000,0.144030,1,0,,1,出
187.700000,0.065391,1,0,,1,て
187.800000,0.066825,1,0,,1,て
187.900000,0.095232,1,0,,1,て
188.000000,0.094725,1,0,,1,て
188.100000,0.023650,1,0,,1,て
188.200000,0.039171,1,0,,1,て
188.300000,0.037064,1,0,,1,し
188.400000,0.097603,1,0,,1,し
188.500000,0.125275,1,0,,1,し
188.600000,0.115286,1,0,,1,し
188.700000,0.060516,1,0,,1,の
188.800000,0.091099,1,0,,1,の
188.900000,0.042819,1,0,,1,り
189.000000,0.017710,1,0,,1,り
189.100000,0.011695,1,0,,1,り
189.200000,0.005172,0,100,,1,り
189.300000,0.013289,1,0,,0,
189.400000,0.131289,1,0,,0,
189.500000,0.117338,1,0,,0,
189.600000,0.011236,1,0,,0,
189.700000,0.007872,0,100,,0,
189.800000,0.005989,0,200,,0,
189.900000,0.012238,1,0,,0,
190.000000,0.014620,1,0,,0,
190.100000,0.007740,0,100,,1,た
190.200000,0.014926,1,0,,1,た
190.300000,0.046034,1,0,,1,た
190.400000,0.165478,1,0,,1,た
190.500000,0.089345,1,0,,1,ち
190.600000,0.123542,1,0,,1,は
190.700000,0.170096,1,0,,1,は
190.800000,0.137366,1,0,,1,ひ
190.900000,0.070807,1,0,,1,ひ
191.000000,0.118104,1,0,,1,な
191.100000,0.113945,1,0,,1,の
191.200000,0.082255,1,0,,1,の
191.300000,0.080452,1,0,,1,後
191.400000,0.029198,1,0,,1,後
191.500000,0.084290,1,0,,1,ろ
191.600000,0.077273,1,0,,1,に
191.700000,0.078272,1,0,,1,いる
191.800000,0.073358,1,0,,1,何
191.900000,0.129137,1,0,,1,何
192.000000,0.072512,1,0,,1,万
192.100000,0.129299,1,0,,1,万
192.200000,0.093945,1,0,,1,人
192.300000,0.082558,1,0,,1,人
192.400000,0.082124,1,0,,1,に
192.500000,0.096149,1,0,,1,に
192.600000,0.147476,1,0,,1,負
192.700000,0.130567,1,0,,1,負
192.800000,0.199239,1,0,,1,け
192.900000,0.071862,1,0,,1,よう
193.000000,0.093387,1,0,,1,と
193.100000,0.142360,1,0,,1,して
193.200000,0.100571,1,0,,1,る
193.300000,0.013763,1,0,,1,ぞ
193.400000,0.026550,1,0,,1,ぞ
193.500000,0.028798,1,0,,1,お
193.600000,0.024060,1,0,,1,前
193.700000,0.005894,0,100,,1,う
193.800000,0.004455,0,200,,1,う
193.900000,0.004971,0,300,,1,う
194.000000,0.002255,0,400,,1,う
194.100000,0.009797,0,500,,1,う
194.200000,0.074004,1,0,,1,う
194.300000,0.151971,1,0,,1,ーん
194.400000,0.126701,1,0,,1,ーん
194.500000,0.050654,1,0,,0,
194.600000,0.020611,1,0,,0,
194.700000,0.002680,0,100,,0,
194.800000,0.003914,0,200,,0,
194.900000,0.004053,0,300,,0,
195.000000,0.004843,0,400,,0,
195.100000,0.088536,1,0,,1,いや
195.200000,0.153171,1,0,,1,いや
195.300000,0.020743,1,0,,1,いや
195.400000,0.147208,1,0,,1,でも
195.500000,0.183752,1,0,,1,でも
195.600000,0.204820,1,0,,1,でも
195.700000,0.190906,1,0,,0,
195.800000,0.178878,1,0,,0,
195.900000,0.136832,1,0,,0,
196.000000,0.026640,1,0,,0,
196.100000,0.001363,0,100,,0,
196.200000,0.004282,0,200,,0,
196.300000,0.011856,1,0,,0,
196.400000,0.110165,1,0,,0,
196.500000,0.003848,0,100,,0,
196.600000,0.077600,1,0,,0,
196.700000,0.057824,1,0,,0,
196.800000,0.115984,1,0,,1,店
196.900000,0.016407,1,0,,1,店
197.000000,0.078086,1,0,,1,店
197.100000,0.039349,1,0,,1,長
197.200000,0.077876,1,0,,1,長
197.300000,0.136396,1,0,,1,う
197.400000,0.034183,1,0,,1,う
197.500000,0.002950,0,100,,1,う
197.600000,0.002855,0,200,,1,う
197.700000,0.030234,1,0,,1,う
197.800000,0.039496,1,0,,1,ち
197.900000,0.131686,1,0,,1,の
198.000000,0.111865,1,0,,1,社
198.100000,0.026514,1,0,,1,社
198.200000,0.047776,1,0,,1,社
198.300000,0.049968,1,0,,1,社
198.400000,0.085017,1,0,,1,長
198.500000,0.112177,1,0,,1,長
198.600000,0.172475,1,0,,1,は
198.700000,0.024256,1,0,,1,引
198.800000,0.007794,0,100,,1,引
198.900000,0.009836,0,200,,1,か
199.000000,0.096283,1,0,,1,か
199.100000,0.133887,1,0,,1,れた
199.200000,0.089971,1,0,,1,んです
199.300000,0.086921,1,0,,1,んです
199.400000,0.028688,1,0,,1,んです
199.500000,0.053970,1,0,,1,よ
199.600000,0.069489,1,0,,1,鳴
199.700000,0.013858,1,0,,1,し
199.800000,0.026852,1,0,,1,さん
199.900000,0.030285,1,0,,1,に
200.000000,0.016473,1,0,,1,に
200.100000,0.010150,1,0,,1,に
200.200000,0.008339,0,100,,1,に
200.300000,0.004062,0,200,,1,ね
200.400000,0.142178,1,0,,1,ね
200.500000,0.202412,1,0,,1,そう
200.600000,0.070265,1,0,,1,そう
200.700000,0.009818,0,100,,1,そう
200.800000,0.014064,1,0,,1,そう
200.900000,0.145706,1,0,,1,そう
201.000000,0.090871,1,0,,1,カ
201.100000,0.022017,1,0,,1,カ
201.200000,0.066723,1,0,,1,ニ
201.300000,0.049144,1,0,,1,ちゃん
201.400000,0.188705,1,0,,1,ちゃん
201.500000,0.078646,1,0,,1,が
201.600000,0.108353,1,0,,1,引
201.700000,0.072837,1,0,,1,引
201.800000,0.116469,1,0,,1,いた
201.900000,0.165476,1,0,,1,んだ
202.000000,0.137522,1,0,,1,んだ
202.100000,0.186508,1,0,,1,よ
202.200000,0.089710,1,0,,1,よ
202.300000,0.028103,1,0,,1,よ
202.400000,0.007471,0,100,,1,す
202.500000,0.009777,0,200,,1,す
202.600000,0.011120,1,0,,1,す
202.700000,0.027435,1,0,,1,す
202.800000,0.005228,0,100,,1,ご
202.900000,0.018861,1,0,,1,ご
203.000000,0.037125,1,0,,1,め
203.100000,0.016827,1,0,,1,んな
203.200000,0.022839,1,0,,1,さい
203.300000,0.009367,0,100,,1,さい
203.400000,0.002695,0,200,,1,さい
203.500000,0.003693,0,300,,1,さい
203.600000,0.005277,0,400,,1,さい
203.700000,0.004739,0,500,,1,さい
203.800000,0.012071,1,0,,0,
203.900000,0.015489,1,0,,0,
204.000000,0.018156,1,0,,0,
204.100000,0.020106,1,0,,0,
204.200000,0.013961,1,0,,0,
204.300000,0.018087,1,0,,0,
204.400000,0.013494,1,0,,1,そうですね
204.500000,0.014832,1,0,,1,そうですね
204.600000,0.120092,1,0,,1,そうですね
204.700000,0.096839,1,0,,0,
204.800000,0.025030,1,0,,0,
204.900000,0.022598,1,0,,0,
205.000000,0.047213,1,0,,0,
205.100000,0.040488,1,0,,0,
205.200000,0.006911,0,100,,0,
205.300000,0.008245,0,200,,0,
205.400000,0.008659,0,300,,0,
205.500000,0.008709,0,400,,0,
205.600000,0.052780,1,0,,0,
205.700000,0.042429,1,0,,0,
205.800000,0.009270,0,100,,0,
205.900000,0.031360,1,0,,1,あと
206.000000,0.065467,1,0,,1,あと
206.100000,0.127643,1,0,,1,あと
206.200000,0.097299,1,0,,1,あの
206.300000,0.051692,1,0,,1,あの
206.400000,0.094536,1,0,,1,あの
206.500000,0.111218,1,0,,1,すごい
206.600000,0.117473,1,0,,1,すごい
206.700000,0.065260,1,0,,1,すごい
206.800000,0.024907,1,0,,1,すごい
206.900000,0.088667,1,0,,1,すごい
207.000000,0.137518,1,0,,1,すごい
207.100000,0.038876,1,0,,1,悲
207.200000,0.052809,1,0,,1,悲
207.300000,0.039260,1,0,,1,悲
207.400000,0.016523,1,0,,1,悲
207.500000,0.039952,1,0,,1,悲
207.600000,0.062327,1,0,,1,悲
207.700000,0.019918,1,0,,1,悲
207.800000,0.082971,1,0,,1,悲
207.900000,0.055823,1,0,,1,しい
208.000000,0.064032,1,0,,1,しい
208.100000,0.050259,1,0,,1,こと
208.200000,0.057890,1,0,,1,に
208.300000,0.074653,1,0,,1,に
208.400000,0.034309,1,0,,1,救
208.500000,0.044977,1,0,,1,救
208.600000,0.051154,1,0,,1,急
208.700000,0.075402,1,0,,1,急
208.800000,0.086022,1,0,,1,が
208.900000,0.073300,1,0,,1,が
209.000000,0.040574,1,0,,1,全
209.100000,0.087628,1,0,,1,全
209.200000,0.047259,1,0,,1,然
209.300000,0.069510,1,0,,1,然
209.400000,0.032650,1,0,,1,来
209.500000,0.082987,1,0,,1,た
209.600000,0.144358,1,0,,0,
209.700000,0.123226,1,0,,0,
209.800000,0.237529,1,0,,0,
209.900000,0.118632,1,0,,0,
210.000000,0.169428,1,0,,0,
210.100000,0.195484,1,0,,0,
210.200000,0.147868,1,0,,0,
210.300000,0.159717,1,0,,0,
210.400000,0.185264,1,0,,0,
210.500000,0.119897,1,0,,0,
210.600000,0.159239,1,0,,0,
210.700000,0.138307,1,0,,0,
210.800000,0.193109,1,0,,0,
210.900000,0.137868,1,0,,0,
211.000000,0.152482,1,0,,0,
211.100000,0.151763,1,0,,0,
211.200000,0.111035,1,0,,0,
211.300000,0.149702,1,0,,0,
211.400000,0.112779,1,0,,0,
211.500000,0.106914,1,0,,0,
211.600000,0.117684,1,0,,0,
211.700000,0.106486,1,0,,0,
211.800000,0.095939,1,0,,0,
211.900000,0.111157,1,0,,1,緊
212.000000,0.035023,1,0,,1,緊
212.100000,0.090210,1,0,,1,緊
212.200000,0.100327,1,0,,1,張
212.300000,0.046626,1,0,,1,張
212.400000,0.092301,1,0,,1,張
212.500000,0.077167,1,0,,1,なんです
212.600000,0.109076,1,0,,1,なんです
212.700000,0.036771,1,0,,1,けど
212.800000,0.065722,1,0,,1,けど
212.900000,0.070852,1,0,,1,けど
213.000000,0.083817,1,0,,1,俺
213.100000,0.090000,1,0,,1,俺
213.200000,0.071804,1,0,,1,俺
213.300000,0.069317,1,0,,0,
213.400000,0.062984,1,0,,0,
213.500000,0.115167,1,0,,0,
213.600000,0.116195,1,0,,0,
213.700000,0.044882,1,0,,0,
213.800000,0.242125,1,0,,0,
213.900000,0.072181,1,0,,0,
214.000000,0.185326,1,0,,0,
214.100000,0.004842,0,100,,0,
214.200000,0.125163,1,0,,0,
214.300000,0.010692,1,0,,0,
214.400000,0.036102,1,0,,1,人
214.500000,0.086556,1,0,,1,人
214.600000,0.087196,1,0,,1,人
214.700000,0.071493,1,0,,1,房
214.800000,0.118660,1,0,,1,房
214.900000,0.090213,1,0,,1,が
215.000000,0.024492,1,0,,1,ゼ
215.100000,0.140847,1,0,,1,ゼ
215.200000,0.076977,1,0,,1,ロ
215.300000,0.042654,1,0,,1,す
215.400000,0.036925,1,0,,1,ぎ
215.500000,0.067437,1,0,,1,ぎ
215.600000,0.066690,1,0,,1,て
215.700000,0.063645,1,0,,1,て
215.800000,0.033687,1,0,,1,て
215.900000,0.009034,0,100,,1,か
216.000000,0.107723,1,0,,1,か
216.100000,0.156965,1,0,,1,か
216.200000,0.153329,1,0,,1,わ
216.300000,0.143054,1,0,,1,い
216.400000,0.059258,1,0,,1,そう
216.500000,0.130287,1,0,,1,ハ
216.600000,0.137479,1,0,,1,イ
216.700000,0.019292,1,0,,1,イ
216.800000,0.092214,1,0,,1,テ
216.900000,0.075708,1,0,,1,さ
217.000000,0.089775,1,0,,1,さ
217.100000,0.044828,1,0,,1,っ
217.200000,0.075803,1,0,,1,まで
217.300000,0.139005,1,0,,1,まで
217.400000,0.082655,1,0,,1,やって
217.500000,0.144629,1,0,,1,やって
217.600000,0.005441,0,100,,1,やって
217.700000,0.071664,1,0,,1,て
217.800000,0.041484,1,0,,1,て
217.900000,0.093300,1,0,,1,て
218.000000,0.070170,1,0,,1,ま
218.100000,0.048898,1,0,,1,ま
218.200000,0.051010,1,0,,1,ま
218.300000,0.098891,1,0,,1,ま
218.400000,0.091840,1,0,,1,じ
218.500000,0.028500,1,0,,1,で
218.600000,0.099555,1,0,,1,で
218.700000,0.113447,1,0,,1,見
218.800000,0.072721,1,0,,1,か
218.900000,0.127936,1,0,,1,か
219.000000,0.049339,1,0,,1,け
219.100000,0.146038,1,0,,1,ら
219.200000,0.084449,1,0,,1,れた
219.300000,0.087132,1,0,,1,な
219.400000,0.082208,1,0,,1,な
219.500000,0.082985,1,0,,1,って
219.600000,0.050700,1,0,,1,って
219.700000,0.047034,1,0,,1,思
219.800000,0.002088,0,100,,1,って
219.900000,0.075356,1,0,,1,って
220.000000,0.082966,1,0,,1,って
220.100000,0.043714,1,0,,1,って
220.200000,0.003595,0,100,,1,って
220.300000,0.011932,1,0,,1,って
220.400000,0.013748,1,0,,1,って
220.500000,0.006432,0,100,,1,新
220.600000,0.153963,1,0,,1,新
220.700000,0.114550,1,0,,1,新
220.800000,0.134820,1,0,,1,しい
220.900000,0.096269,1,0,,1,しい
221.000000,0.072930,1,0,,1,しい
221.100000,0.089030,1,0,,1,しい
221.200000,0.097010,1,0,,1,人
221.300000,0.090129,1,0,,1,人
221.400000,0.030785,1,0,,1,人
221.500000,0.018027,1,0,,1,人
221.600000,0.075939,1,0,,1,人
221.700000,0.099516,1,0,,1,の
221.800000,0.058788,1,0,,1,チ
221.900000,0.087682,1,0,,1,チ
222.000000,0.065536,1,0,,1,ート
222.100000,0.120109,1,0,,1,リ
222.200000,0.112329,1,0,,1,ル
222.300000,0.050184,1,0,,1,時
222.400000,0.054817,1,0,,1,も
222.500000,0.055001,1,0,,1,も
222.600000,0.121166,1,0,,1,俺
222.700000,0.108187,1,0,,1,やって
222.800000,0.042281,1,0,,1,やって
222.900000,0.049610,1,0,,1,なく
223.000000,0.093326,1,0,,1,なく
223.100000,0.019131,1,0,,1,て
223.200000,0.078061,1,0,,1,て
223.300000,0.081059,1,0,,1,キ
223.400000,0.025738,1,0,,1,キ
223.500000,0.068251,1,0,,1,ピ
223.600000,0.036478,1,0,,1,さん
223.700000,0.125315,1,0,,1,さん
223.800000,0.091287,1,0,,1,全部
223.900000,0.110205,1,0,,1,全部
224.000000,0.088868,1,0,,1,やって
224.100000,0.084641,1,0,,1,やって
224.200000,0.002713,0,100,,1,やって
224.300000,0.002389,0,200,,1,やって
224.400000,0.003012,0,300,,1,も
224.500000,0.112317,1,0,,1,も
224.600000,0.105583,1,0,,1,ら
224.700000,0.042181,1,0,,1,って
224.800000,0.035897,1,0,,1,て
224.900000,0.112049,1,0,,1,て
225.000000,0.103881,1,0,,1,て
225.100000,0.074140,1,0,,1,て
225.200000,0.081842,1,0,,1,俺
225.300000,0.133826,1,0,,1,俺
225.400000,0.133763,1,0,,1,俺
225.500000,0.096810,1,0,,1,ま
225.600000,0.069331,1,0,,1,じ
225.700000,0.053158,1,0,,1,で
225.800000,0.096623,1,0,,1,で
225.900000,0.105132,1,0,,1,もう
226.000000,0.101376,1,0,,1,もう
226.100000,0.038913,1,0,,1,な
226.200000,0.006085,0,100,,1,な
226.300000,0.028008,1,0,,1,な
226.400000,0.038512,1,0,,1,な
226.500000,0.170753,1,0,,1,な
226.600000,0.142041,1,0,,1,ば
226.700000,0.094821,1,0,,1,か
226.800000,0.099301,1,0,,1,り
226.900000,0.070785,1,0,,1,で
227.000000,0.065623,1,0,,1,ポ
227.100000,0.083775,1,0,,1,ポ
227.200000,0.054258,1,0,,1,ジ
227.300000,0.080511,1,0,,1,ショ
227.400000,0.070693,1,0,,1,だけ
227.500000,0.094558,1,0,,1,だけ
227.600000,0.076095,1,0,,1,で
227.700000,0.040421,1,0,,1,責
227.800000,0.064263,1,0,,1,任
227.900000,0.108913,1,0,,1,任
228.000000,0.131194,1,0,,1,全部
228.100000,0.105866,1,0,,1,全部
228.200000,0.056888,1,0,,1,瀬
228.300000,0.072255,1,0,,1,瀬
228.400000,0.129997,1,0,,1,王
228.500000,0.117666,1,0,,1,だけ
228.600000,0.041926,1,0,,1,だけ
228.700000,0.035889,1,0,,1,瀬
228.800000,0.070819,1,0,,1,瀬
228.900000,0.106617,1,0,,1,王
229.000000,0.052606,1,0,,1,さ
229.100000,0.099990,1,0,,1,れて
229.200000,0.040112,1,0,,1,れて
229.300000,0.059415,1,0,,1,る
229.400000,0.034479,1,0,,1,一
229.500000,0.076764,1,0,,1,番
229.600000,0.089822,1,0,,1,最
229.700000,0.117372,1,0,,1,最
229.800000,0.065817,1,0,,1,な
229.900000,0.089515,1,0,,1,な
230.000000,0.094378,1,0,,1,ポ
230.100000,0.058356,1,0,,1,ショ
230.200000,0.098616,1,0,,1,だ
230.300000,0.120515,1,0,,1,な
230.400000,0.142604,1,0,,1,に
230.500000,0.078058,1,0,,1,に
230.600000,0.021359,1,0,,1,来
230.700000,0.067966,1,0,,1,て
230.800000,0.104039,1,0,,1,く
230.900000,0.123259,1,0,,1,れる
231.000000,0.090407,1,0,,1,の
231.100000,0.144799,1,0,,1,が
231.200000,0.161155,1,0,,1,が
231.300000,0.052616,1,0,,1,が
231.400000,0.098745,1,0,,1,キ
231.500000,0.194757,1,0,,1,キ
231.600000,0.058070,1,0,,1,キ
231.700000,0.016872,1,0,,1,ピ
231.800000,0.069703,1,0,,1,なんだ
231.900000,0.175856,1,0,,1,なんだ
232.000000,0.157269,1,0,,1,よね
232.100000,0.081655,1,0,,1,よね
232.200000,0.160128,1,0,,1,よね
232.300000,0.076813,1,0,,1,よね
232.400000,0.080929,1,0,,1,よね
232.500000,0.154285,1,0,,1,キ
232.600000,0.157270,1,0,,1,キ
232.700000,0.114601,1,0,,1,ピ
232.800000,0.172635,1,0,,1,ピ
232.900000,0.183555,1,0,,1,なんだ
233.000000,0.139241,1,0,,1,よ
233.100000,0.163657,1,0,,1,よ
233.200000,0.170730,1,0,,1,よ
233.300000,0.151194,1,0,,1,よ
233.400000,0.085119,1,0,,1,キ
233.500000,0.066632,1,0,,1,キ
233.600000,0.113203,1,0,,1,ピ
233.700000,0.070926,1,0,,1,キ
233.800000,0.131635,1,0,,1,キ
233.900000,0.082247,1,0,,1,キ
234.000000,0.141940,1,0,,1,キ
234.100000,0.047980,1,0,,1,キ
234.200000,0.096332,1,0,,1,ュ
234.300000,0.088988,1,0,,1,ピ
234.400000,0.152732,1,0,,1,ピ
234.500000,0.151474,1,0,,1,俺
234.600000,0.170368,1,0,,1,俺
234.700000,0.162080,1,0,,1,や
234.800000,0.157805,1,0,,1,や
234.900000,0.095961,1,0,,1,っぱ
235.000000,0.122050,1,0,,1,っぱ
235.100000,0.128731,1,0,,1,っぱ
235.200000,0.079713,1,0,,1,っぱ
235.300000,0.144749,1,0,,1,っぱ
235.400000,0.193964,1,0,,1,り
235.500000,0.115046,1,0,,1,キ
235.600000,0.151001,1,0,,1,キ
235.700000,0.093355,1,0,,1,ピ
235.800000,0.142972,1,0,,1,なんだ
235.900000,0.184304,1,0,,0,
236.000000,0.139949,1,0,,0,
236.100000,0.132038,1,0,,0,
236.200000,0.125674,1,0,,0,
236.300000,0.100965,1,0,,1,自己
236.400000,0.031500,1,0,,1,自己
236.500000,0.066750,1,0,,1,自己
236.600000,0.124950,1,0,,1,って
236.700000,0.076243,1,0,,1,って
236.800000,0.057377,1,0,,1,って
236.900000,0.099852,1,0,,1,診
237.000000,0.056483,1,0,,1,診
237.100000,0.078522,1,0,,1,診
237.200000,0.136762,1,0,,1,断
237.300000,0.110017,1,0,,1,んだ
237.400000,0.127507,1,0,,1,んだ
237.500000,0.033807,1,0,,1,けど
237.600000,0.076514,1,0,,1,けど
237.700000,0.120567,1,0,,1,診
237.800000,0.059835,1,0,,1,診
237.900000,0.070741,1,0,,1,診
238.000000,0.073930,1,0,,1,断
238.100000,0.170942,1,0,,1,断
238.200000,0.063082,1,0,,1,して
238.300000,0.105238,1,0,,1,も
238.400000,0.117903,1,0,,1,も
238.500000,0.170841,1,0,,1,ら
238.600000,0.138899,1,0,,1,える
238.700000,0.043677,1,0,,1,かな
238.800000,0.088735,1,0,,1,かな
238.900000,0.112471,1,0,,1,かな
239.000000,0.169858,1,0,,0,
239.100000,0.158241,1,0,,0,
239.200000,0.115952,1,0,,0,
239.300000,0.046793,1,0,,0,
239.400000,0.010158,1,0,,0,
239.500000,0.017054,1,0,,1,使
239.600000,0.008476,0,100,,1,使
239.700000,0.022228,1,0,,1,使
239.800000,0.040720,1,0,,1,った
239.900000,0.042426,1,0,,1,った
240.000000,0.068300,1,0,,1,ない
240.100000,0.106728,1,0,,1,ない
240.200000,0.097499,1,0,,1,な
240.300000,0.054825,1,0,,1,な
240.400000,0.122231,1,0,,1,な
240.500000,0.119082,1,0,,1,な
240.600000,0.121191,1,0,,1,な
240.700000,0.112130,1,0,,1,あ
240.800000,0.089371,1,0,,1,あ
240.900000,0.031078,1,0,,1,待って
241.000000,0.063651,1,0,,1,待って
241.100000,0.056879,1,0,,1,レ
241.200000,0.135991,1,0,,1,レ
241.300000,0.058620,1,0,,1,君
241.400000,0.075945,1,0,,1,君
241.500000,0.038249,1,0,,1,レ
241.600000,0.152962,1,0,,1,レ
241.700000,0.030684,1,0,,1,君
241.800000,0.166928,1,0,,1,君
241.900000,0.132254,1,0,,1,レ
242.000000,0.093757,1,0,,1,レ
242.100000,0.142066,1,0,,1,レ
242.200000,0.146485,1,0,,1,ン
242.300000,0.146022,1,0,,1,ン
242.400000,0.117845,1,0,,1,ン
242.500000,0.039687,1,0,,1,ン
242.600000,0.030415,1,0,,1,君
242.700000,0.014161,1,0,,1,君
242.800000,0.053492,1,0,,1,君
242.900000,0.132051,1,0,,1,君
243.000000,0.132132,1,0,,0,
243.100000,0.081173,1,0,,0,
243.200000,0.063232,1,0,,0,
243.300000,0.094088,1,0,,0,
243.400000,0.103989,1,0,,0,
243.500000,0.082715,1,0,,0,
243.600000,0.045248,1,0,,0,
243.700000,0.036502,1,0,,0,
243.800000,0.026139,1,0,,1,く
243.900000,0.007252,0,100,,1,く
244.000000,0.019083,1,0,,1,く
244.100000,0.030912,1,0,,1,そ
244.200000,0.069095,1,0,,1,そ
244.300000,0.189217,1,0,,1,そ
244.400000,0.154896,1,0,,1,ー
244.500000,0.137795,1,0,,1,ー
244.600000,0.121696,1,0,,0,
244.700000,0.123818,1,0,,0,
244.800000,0.106176,1,0,,0,
244.900000,0.041610,1,0,,0,
245.000000,0.074721,1,0,,0,
245.100000,0.093343,1,0,,0,
245.200000,0.095310,1,0,,0,
245.300000,0.136684,1,0,,0,
245.400000,0.135631,1,0,,0,
245.500000,0.135802,1,0,,0,
245.600000,0.154359,1,0,,0,
245.700000,0.105760,1,0,,0,
245.800000,0.138369,1,0,,0,
245.900000,0.099968,1,0,,1,また
246.000000,0.144901,1,0,,1,また
246.100000,0.142953,1,0,,1,また
246.200000,0.139826,1,0,,1,また
246.300000,0.161865,1,0,,1,また
246.400000,0.122546,1,0,,1,また
246.500000,0.153511,1,0,,1,また
246.600000,0.115424,1,0,,1,負
246.700000,0.099753,1,0,,1,負
246.800000,0.069657,1,0,,1,負
246.900000,0.037158,1,0,,1,負
247.000000,0.054228,1,0,,1,けて
247.100000,0.040123,1,0,,1,けて
247.200000,0.012381,1,0,,1,る
247.300000,0.017378,1,0,,1,る
247.400000,0.008667,0,100,,1,負
247.500000,0.021013,1,0,,1,負
247.600000,0.078548,1,0,,1,負
247.700000,0.048276,1,0,,1,けて
247.800000,0.075225,1,0,,1,けて
247.900000,0.079620,1,0,,1,る
248.000000,0.081913,1,0,,1,る
248.100000,0.049006,1,0,,1,ぞ
248.200000,0.048302,1,0,,1,ぞ
248.300000,0.019036,1,0,,1,ぞ
248.400000,0.033289,1,0,,1,ぞ
248.500000,0.030103,1,0,,1,ぞ
248.600000,0.004888,0,100,,1,お
248.700000,0.045806,1,0,,1,お
248.800000,0.116273,1,0,,1,お
248.900000,0.141383,1,0,,1,お
249.000000,0.111814,1,0,,1,け
249.100000,0.081846,1,0,,1,け
249.200000,0.028722,1,0,,1,け
249.300000,0.016486,1,0,,1,け
249.400000,0.033453,1,0,,1,け
249.500000,0.011548,1,0,,1,け
249.600000,0.036243,1,0,,1,ー
249.700000,0.017817,1,0,,1,ー
249.800000,0.018872,1,0,,1,中
249.900000,0.036071,1,0,,1,中
250.000000,0.080170,1,0,,1,身
250.100000,0.029222,1,0,,1,身
250.200000,0.016893,1,0,,1,き
250.300000,0.064206,1,0,,1,れ
250.400000,0.046349,1,0,,1,にな
250.500000,0.045580,1,0,,1,りました
250.600000,0.043212,1,0,,1,りました
250.700000,0.034385,1,0,,1,く
250.800000,0.043054,1,0,,1,く
250.900000,0.094128,1,0,,1,らい
251.000000,0.112996,1,0,,1,襲
251.100000,0.095608,1,0,,1,撃
251.200000,0.120534,1,0,,1,撃
251.300000,0.017672,1,0,,1,ありがとうございます
251.400000,0.087283,1,0,,1,ありがとうございます
251.500000,0.080647,1,0,,1,ありがとうございます
251.600000,0.119735,1,0,,1,ありがとうございます
251.700000,0.082421,1,0,,1,ありがとうございます
251.800000,0.083871,1,0,,1,ありがとうございます
251.900000,0.113077,1,0,,1,ありがとうございます
252.000000,0.046873,1,0,,0,
252.100000,0.100770,1,0,,0,
252.200000,0.106996,1,0,,0,
252.300000,0.085936,1,0,,0,
252.400000,0.023742,1,0,,0,
252.500000,0.003204,0,100,,0,
252.600000,0.052007,1,0,,1,はい
252.700000,0.157560,1,0,,1,はい
252.800000,0.150271,1,0,,1,はい
252.900000,0.125964,1,0,,1,はい
253.000000,0.164159,1,0,,0,
253.100000,0.112675,1,0,,0,
253.200000,0.115395,1,0,,0,
253.300000,0.140735,1,0,,0,
253.400000,0.100196,1,0,,0,
253.500000,0.110650,1,0,,1,頑
253.600000,0.132939,1,0,,1,頑
253.700000,0.095669,1,0,,1,頑
253.800000,0.086087,1,0,,1,頑
253.900000,0.056227,1,0,,1,張
254.000000,0.021845,1,0,,1,って
254.100000,0.041795,1,0,,1,ください
254.200000,0.067480,1,0,,1,ください
254.300000,0.054369,1,0,,1,ください
254.400000,0.076046,1,0,,1,ください
254.500000,0.074807,1,0,,1,ください
254.600000,0.088711,1,0,,1,ありがとうございます
254.700000,0.064477,1,0,,1,ありがとうございます
254.800000,0.027177,1,0,,1,ありがとうございます
254.900000,0.029541,1,0,,1,ありがとうございます
255.000000,0.019984,1,0,,1,ありがとうございます
255.100000,0.034185,1,0,,1,ありがとうございます
255.200000,0.040321,1,0,,0,
255.300000,0.056927,1,0,,0,
255.400000,0.048901,1,0,,0,
255.500000,0.045829,1,0,,0,
255.600000,0.043332,1,0,,0,
255.700000,0.037816,1,0,,1,襲
255.800000,0.061971,1,0,,1,襲
255.900000,0.091815,1,0,,1,襲
256.000000,0.136066,1,0,,1,撃
256.100000,0.122725,1,0,,1,撃
256.200000,0.038049,1,0,,1,撃
256.300000,0.107723,1,0,,1,で
256.400000,0.071641,1,0,,1,で
256.500000,0.057573,1,0,,1,打
256.600000,0.075453,1,0,,1,ち
256.700000,0.040143,1,0,,1,こ
256.800000,0.072981,1,0,,1,な
256.900000,0.069577,1,0,,1,な
257.000000,0.051686,1,0,,1,の?
257.100000,0.054293,1,0,,1,の?
257.200000,0.029091,1,0,,1,の?
257.300000,0.006016,0,100,,0,
257.400000,0.056184,1,0,,1,いや
257.500000,0.103467,1,0,,1,多
257.600000,0.004435,0,100,,1,多
257.700000,0.011565,1,0,,1,多
257.800000,0.010380,1,0,,1,多
257.900000,0.107687,1,0,,1,多
258.000000,0.042470,1,0,,1,分
258.100000,0.010708,1,0,,1,この
258.200000,0.050292,1,0,,1,この
258.300000,0.025767,1,0,,1,突
258.400000,0.012508,1,0,,1,突
258.500000,0.016791,1,0,,1,突
258.600000,0.011987,1,0,,1,っ
258.700000,0.095831,1,0,,1,込
258.800000,0.081891,1,0,,1,じゃ
258.900000,0.047497,1,0,,1,って
259.000000,0.025820,1,0,,1,って
259.100000,0.037430,1,0,,0,
259.200000,0.034955,1,0,,0,
259.300000,0.026483,1,0,,0,
259.400000,0.010498,1,0,,0,
